Workbook
Name kr: #REF!

Sheet keşif
A1: F VE G BLOK MEKANİK VE ELEKTRİK İŞLERİ TEKLİF TABLOSU
B2: G BLOK TUTARI | D2: F BLOK TUTARI | F2: TOPLAM TUTAR | H2: GENEL TOPLAM
B3: MALZEME | C3: İŞÇİLİK | D3: MALZEME | E3: İŞÇİLİK | F3: MALZEME | G3: İŞÇİLİK
A4: MEKANİK TESİSATI İŞLERİ | B4: ='mekanik G BLOK'!H3 -> 0 | C4: ='mekanik G BLOK'!I3 -> 0 | D4: ='mekanik F BLOK'!H3 -> 0 | E4: ='mekanik F BLOK'!I3 -> 0 | F4: =B4+D4 -> 0 | G4: =E4+C4 -> 0 | H4: =SUM(F4:G4) -> 0
A5: ELEKTRİK TESİSATI İŞLERİ | B5: ='elektrik G BLOK'!H3 -> 0 | C5: ='elektrik G BLOK'!I3 -> 0 | D5: ='elektrik F BLOK'!H3 -> 0 | E5: ='elektrik F BLOK'!I3 -> 0 | F5: =B5+D5 -> 0 | G5: =E5+C5 -> 0 | H5: =SUM(F5:G5) -> 0
F6: =SUM(F4:F5) -> 0 | G6: =SUM(G4:G5) -> 0 | H6: =SUM(H4:H5) -> 0

Sheet mekanik G BLOK
B1: G BLOK MEKANİK KEŞİF
A2: Sıra No | B2: İşin Tanımı | C2: Açıklama/Marka | D2: Birim | E2: Miktar | F2: Malzeme Birim Fiyat | G2: İşçilik Birim Fiyat | H2: Malzeme Tutar | I2: İşçilik Tutar | J2: Toplam Tutar
H3: =H4+H110+H154+H173 -> 0 | I3: =I4+I110+I154+I173 -> 0 | J3: =J4+J110+J154+J173 -> 0
A4: 1 | B4: SIHHI TESİSAT İŞLERİ | H4: =SUM(H5:H109) -> 0 | I4: =SUM(I5:I109) -> 0 | J4: =SUM(J5:J109) -> 0
B5: TEMİZ SU HİDROFORU
B6: 2x9,36 m³/h | C6: MASDAF-ETNA VEYA MUADİLİ | D6: adet | E6: 1
B7: TEMİZ SU BORULARI
B8: DN 20 | C8: HAKAN VEYA MUADİLİ | D8: metre | E8: 313
B9: DN 25 | C9: HAKAN VEYA MUADİLİ | D9: metre | E9: 380
B10: DN 32 | C10: HAKAN VEYA MUADİLİ | D10: metre | E10: 150
B11: DN 40 | C11: HAKAN VEYA MUADİLİ | D11: metre | E11: 110
B12: DN 50 | C12: HAKAN VEYA MUADİLİ | D12: metre | E12: 16
B13: DN 63 | C13: HAKAN VEYA MUADİLİ | D13: metre | E13: 33
B14: FİTTİNGS ORANI | C14: HAKAN VEYA MUADİLİ | E14: 0.5
B15: 9MM ALUMİNYUM FOLYO KAUÇUK BORU İZOLASYONU
B16: DN 20 | C16: ODE VEYA MUADİLİ | D16: metre | E16: 313
B17: DN 25 | C17: ODE VEYA MUADİLİ | D17: metre | E17: 380
B18: DN 32 | C18: ODE VEYA MUADİLİ | D18: metre | E18: 150
B19: DN 40 | C19: ODE VEYA MUADİLİ | D19: metre | E19: 110
B20: DN 50 | C20: ODE VEYA MUADİLİ | D20: metre | E20: 16
B21: DN 63 | C21: ODE VEYA MUADİLİ | D21: metre | E21: 33
B22: VİTİRİFİYE MALZEMELERİ
B23: KLOZET | D23: adet | E23: 27
B24: LAVABO | D24: adet | E24: 27
B25: LAVABO BATARYASI | D25: adet | E25: 49
B26: DUŞ BATARYASI | D26: adet | E26: 22
B27: HAVLULUK | D27: adet | E27: 27
B28: TUVALET KAĞITLIK | D28: adet | E28: 27
B29: SABUNLUK | D29: adet | E29: 27
B30: 500 W ELEKTRİKLİ BANYO RADYATÖRÜ | D30: adet | E30: 22
B31: MUSLUKLAR
B32: KROM ARA MUSLUK | C32: ECA VEYA MUADİLİ | D32: adet | E32: 27
B33: ÇAMAŞIR-BULAŞIK MAKİNESİ MUSLUĞU | C33: ECA VEYA MUADİLİ | D33: adet | E33: 22
B34: PRİNÇ KÜRESEL VANA
B35: DN 15 | C35: DUYAR VEYA MUADİLİ | D35: adet | E35: 142
B36: PP KÜRESEL VANALAR
B37: DN 20 | C37: DUYAR VEYA MUADİLİ | D37: adet | E37: 108
B38: DN 25 | C38: DUYAR VEYA MUADİLİ | D38: adet | E38: 54
B39: DN 32 | C39: DUYAR VEYA MUADİLİ | D39: adet | E39: 27
B40: DN 40 | C40: DUYAR VEYA MUADİLİ | D40: adet | E40: 3
B41: DN 50 | C41: DUYAR VEYA MUADİLİ | D41: adet | E41: 4
B42: DN 63 | C42: DUYAR VEYA MUADİLİ | D42: adet | E42: 2
B43: PİS SU BORULARI
B44: DN 50 | C44: HAKAN VEYA MUADİLİ | D44: metre | E44: 100
B45: DN 75 | C45: HAKAN VEYA MUADİLİ | D45: metre | E45: 6
B46: DN 110 | C46: HAKAN VEYA MUADİLİ | D46: metre | E46: 150
B47: FİTTİNGS ORANI | C47: HAKAN VEYA MUADİLİ | E47: 1
B48: TEMİZLEME KAPAĞI
B49: DN 110 | C49: HAKAN VEYA MUADİLİ | D49: adet | E49: 7
B50: HAVALIK ŞAPKASI
B51: DN 110 | C51: HAKAN VEYA MUADİLİ | D51: adet | E51: 7
B52: SÜZGEÇLER
B53: BANYO SÜZGECİ | C53: SUKAR VEYA MUADİLİ | D53: adet | E53: 27
B54: BALKON SÜZGECİ | C54: SUKAR VEYA MUADİLİ | D54: adet | E54: 19
B55: DUŞ SÜZGECİ | C55: SUKAR VEYA MUADİLİ | D55: adet | E55: 22
B56: YAĞMUR SUYU BORULARI
B57: DN 110 | C57: HAKAN VEYA MUADİLİ | D57: metre | E57: 79
B58: FİTTİNGS ORANI | C58: HAKAN VEYA MUADİLİ | E58: 0.3
B59: SÜZGEÇLER
B60: ÇATI SÜZGECİ | C60: SUKAR VEYA MUADİLİ | D60: adet | E60: 10
B61: KLİMA DRENAJ BORULARI
B62: DN 32 | C62: PİMTAŞ VEYA MUADİLİ | D62: metre | E62: 220
B63: FİTTİNGS ORANI | C63: PİMTAŞ VEYA MUADİLİ | E63: 0.3
B64: GÜNNEŞ KOLLEKTÖRÜ
B65: 13 PANELLİ | C65: SOLİMPEKS VEYA MUADİLİ | D65: set | E65: 1
B66: GENLEŞME TANKI
B67: 24 L | C67: MASDAF-ETNA VEYA MUADİLİ | D67: adet | E67: 1
B68: 150 L | C68: MASDAF-ETNA VEYA MUADİLİ | D68: adet | E68: 1
B69: ÇİFT SERPANTİNLİ BOİLER
B70: 1000 L | C70: WHS-KODSAN VEYA MUADİLİ | D70: adet | E70: 1
B71: 1500 L | C71: WHS-KODSAN VEYA MUADİLİ | D71: adet | E71: 1
B72: SİRKÜLASYON POMPALAR
B73: 1,75 m³/h | C73: MASDAF-ETNA VEYA MUADİLİ | D73: adet | E73: 1
B74: 2,5 m³/h | C74: MASDAF-ETNA VEYA MUADİLİ | D74: adet | E74: 2
B75: ELEKTRİKLİ KAZAN
B76: 24 KW | C76: VIESMANN VEYA MUADİLİ | D76: adet | E76: 1
B77: TEMİZ SU BORULARI
B78: DN 32 | C78: HAKAN VEYA MUADİLİ | D78: metre | E78: 30
B79: DN 40 | C79: HAKAN VEYA MUADİLİ | D79: metre | E79: 15
B80: FİTTİNGS ORANI | C80: HAKAN VEYA MUADİLİ | E80: 0.5
B81: GÜNEŞ KOLLEKTÖR BORULARI
B82: DN 32 | C82: ÇAYIROVA VEYA MUADİLİ | D82: metre | E82: 70
B83: FİTTİNGS ORANI | C83: TRAKYA VEYA MUADİLİ | E83: 0.5
B84: 13MM KAUÇUK BORU İZOLASYONU
B85: DN 32 | C85: ODE VEYA MUADİLİ | D85: metre | E85: 100
B86: DN 40 | C86: ODE VEYA MUADİLİ | D86: metre | E86: 15
B87: KÜRESEL VANALAR
B88: DN 20 | C88: DUYAR VEYA MUADİLİ | D88: adet | E88: 15
B89: DN 32 | C89: DUYAR VEYA MUADİLİ | D89: adet | E89: 14
B90: DN 40 | C90: DUYAR VEYA MUADİLİ | D90: adet | E90: 3
B91: PİSLİK TUTUCU
B92: DN 40 | C92: DUYAR VEYA MUADİLİ | D92: adet | E92: 1
B93: ÇEKVALF
B94: DN 32 | C94: DUYAR VEYA MUADİLİ | D94: adet | E94: 4
B95: DN 40 | C95: DUYAR VEYA MUADİLİ | D95: adet | E95: 1
B96: TERMOMETRE
B97: DN 20 | C97: MONEKS VEYA MUADİLİ | D97: adet | E97: 3
B98: MANOMETRE
B99: DN 20 | C99: MONEKS VEYA MUADİLİ | D99: adet | E99: 5
B100: OTOMATİK HAVA ATMA PROJÖRÜ
...

Sheet mekanik F BLOK
B1: F BLOK MEKANİK KEŞİF
A2: Sıra No | B2: İşin Tanımı | C2: Açıklama/Marka | D2: Birim | E2: Miktar | F2: Malzeme Birim Fiyat | G2: İşçilik Birim Fiyat | H2: Malzeme Tutar | I2: İşçilik Tutar | J2: Toplam Tutar
H3: =H4+H122+H186+H205 -> 0 | I3: =I4+I122+I186+I205 -> 0 | J3: =J4+J122+J186+J205 -> 0
A4: 1 | B4: SIHHI TESİSAT İŞLERİ | H4: =SUM(H6:H121) -> 0 | I4: =SUM(I6:I121) -> 0 | J4: =SUM(J6:J121) -> 0
B5: TEMİZ SU HİDROFORU
B6: 2x12,6 m³/h | C6: MASDAF-ETNA VEYA MUADİLİ | D6: adet | E6: 1
B7: TEMİZ SU BORULARI
B8: DN 20 | C8: HAKAN VEYA MUADİLİ | D8: metre | E8: 496
B9: DN 25 | C9: HAKAN VEYA MUADİLİ | D9: metre | E9: 374
B10: DN 32 | C10: HAKAN VEYA MUADİLİ | D10: metre | E10: 251
B11: DN 40 | C11: HAKAN VEYA MUADİLİ | D11: metre | E11: 162
B12: DN 50 | C12: HAKAN VEYA MUADİLİ | D12: metre | E12: 126
B13: DN 63 | C13: HAKAN VEYA MUADİLİ | D13: metre | E13: 56
B14: DN 75 | C14: HAKAN VEYA MUADİLİ | D14: metre | E14: 29
B15: FİTTİNGS ORANI | C15: HAKAN VEYA MUADİLİ | E15: 0.5
B16: 9MM ALUMİNYUM FOLYO KAUÇUK BORU İZOLASYONU
B17: DN 20 | C17: ODE VEYA MUADİLİ | D17: metre | E17: 496
B18: DN 25 | C18: ODE VEYA MUADİLİ | D18: metre | E18: 374
B19: DN 32 | C19: ODE VEYA MUADİLİ | D19: metre | E19: 251
B20: DN 40 | C20: ODE VEYA MUADİLİ | D20: metre | E20: 162
B21: DN 50 | C21: ODE VEYA MUADİLİ | D21: metre | E21: 126
B22: DN 63 | C22: ODE VEYA MUADİLİ | D22: metre | E22: 56
B23: DN 75 | C23: ODE VEYA MUADİLİ | D23: metre | E23: 29
B24: VİTİRİFİYE MALZEMELERİ
B25: KLOZET | D25: adet | E25: 43
B26: PİSUAR | D26: adet | E26: 1
B27: LAVABO | D27: adet | E27: 43
B28: LAVABO BATARYASI | D28: adet | E28: 70
B29: DUŞ BATARYASI | D29: adet | E29: 36
B30: HAVLULUK | D30: adet | E30: 43
B31: TUVALET KAĞITLIK | D31: adet | E31: 43
B32: SABUNLUK | D32: adet | E32: 43
B33: 500 W ELEKTRİKLİ BANYO RADYATÖRÜ | D33: adet | E33: 29
B34: 700 W ELEKTRİKLİ BANYO RADYATÖRÜ | D34: adet | E34: 4
B35: MUSLUKLAR
B36: KROM ARA MUSLUK | C36: ECA VEYA MUADİLİ | D36: adet | E36: 43
B37: ÇAMAŞIR-BULAŞIK MAKİNESİ MUSLUĞU | C37: ECA VEYA MUADİLİ | D37: adet | E37: 25
B38: PRİNÇ KÜRESEL VANA
B39: DN 15 | C39: DUYAR VEYA MUADİLİ | D39: adet | E39: 174
B40: PP KÜRESEL VANALAR
B41: DN 20 | C41: DUYAR VEYA MUADİLİ | D41: adet | E41: 108
B42: DN 25 | C42: DUYAR VEYA MUADİLİ | D42: adet | E42: 54
B43: DN 32 | C43: DUYAR VEYA MUADİLİ | D43: adet | E43: 27
B44: DN 40 | C44: DUYAR VEYA MUADİLİ | D44: adet | E44: 3
B45: DN 50 | C45: DUYAR VEYA MUADİLİ | D45: adet | E45: 4
B46: DN 63 | C46: DUYAR VEYA MUADİLİ | D46: adet | E46: 3
B47: DN 75 | C47: DUYAR VEYA MUADİLİ | D47: adet | E47: 2
B48: PİS SU BORULARI
B49: DN 50 | C49: HAKAN VEYA MUADİLİ | D49: metre | E49: 132
B50: DN 75 | C50: HAKAN VEYA MUADİLİ | D50: metre | E50: 32
B51: DN 110 | C51: HAKAN VEYA MUADİLİ | D51: metre | E51: 180
B52: FİTTİNGS ORANI | C52: HAKAN VEYA MUADİLİ | E52: 1
B53: TEMİZLEME KAPAĞI
B54: DN 110 | C54: HAKAN VEYA MUADİLİ | D54: adet | E54: 10
B55: HAVALIK ŞAPKASI
B56: DN 110 | C56: HAKAN VEYA MUADİLİ | D56: adet | E56: 10
B57: SÜZGEÇLER
B58: BANYO SÜZGECİ | C58: SUKAR VEYA MUADİLİ | D58: adet | E58: 45
B59: BALKON SÜZGECİ | C59: SUKAR VEYA MUADİLİ | D59: adet | E59: 19
B60: DUŞ SÜZGECİ | C60: SUKAR VEYA MUADİLİ | D60: adet | E60: 38
B61: OTOPARK IZGARA | C61: SUKAR VEYA MUADİLİ | D61: metre | E61: 72
B62: YAĞMUR SUYU BORULARI
B63: DN 50 | C63: HAKAN VEYA MUADİLİ | D63: metre | E63: 19
B64: DN 75 | C64: HAKAN VEYA MUADİLİ | D64: metre | E64: 82
B65: DN 110 | C65: HAKAN VEYA MUADİLİ | D65: metre | E65: 19
B66: DN 125 | C66: HAKAN VEYA MUADİLİ | D66: metre | E66: 48
B67: FİTTİNGS ORANI | C67: HAKAN VEYA MUADİLİ | E67: 0.3
B68: SÜZGEÇLER
B69: ÇATI SÜZGECİ | C69: SUKAR VEYA MUADİLİ | D69: adet | E69: 16
B70: KLİMA DRENAJ BORULARI
B71: DN 32 | C71: PİMTAŞ VEYA MUADİLİ | D71: metre | E71: 270
B72: FİTTİNGS ORANI | C72: PİMTAŞ VEYA MUADİLİ | E72: 0.3
B73: GÜNNEŞ KOLLEKTÖRÜ
B74: 19 PANELLİ | C74: SOLİMPEKS VEYA MUADİLİ | D74: set | E74: 1
B75: GENLEŞME TANKI
B76: 24 L | C76: MASDAF-ETNA VEYA MUADİLİ | D76: adet | E76: 1
B77: 300 L | C77: MASDAF-ETNA VEYA MUADİLİ | D77: adet | E77: 1
B78: ÇİFT SERPANTİNLİ BOİLER
B79: 1500 L | C79: WHS-KODSAN VEYA MUADİLİ | D79: adet | E79: 1
B80: 2000 L | C80: WHS-KODSAN VEYA MUADİLİ | D80: adet | E80: 1
B81: SİRKÜLASYON POMPALAR
B82: 1,75 m³/h | C82: MASDAF-ETNA VEYA MUADİLİ | D82: adet | E82: 1
B83: 2,5 m³/h | C83: MASDAF-ETNA VEYA MUADİLİ | D83: adet | E83: 2
B84: ELEKTRİKLİ KAZAN
B85: 24 KW | C85: VIESMANN VEYA MUADİLİ | D85: adet | E85: 1
B86: TEMİZ SU BORULARI
B87: DN 40 | C87: HAKAN VEYA MUADİLİ | D87: metre | E87: 30
B88: DN 50 | C88: HAKAN VEYA MUADİLİ | D88: metre | E88: 15
B89: FİTTİNGS ORANI | C89: HAKAN VEYA MUADİLİ | E89: 0.5
B90: GÜNEŞ KOLLEKTÖR BORULARI
B91: DN 32 | C91: ÇAYIROVA VEYA MUADİLİ | D91: metre | E91: 80
B92: FİTTİNGS ORANI | C92: TRAKYA VEYA MUADİLİ | E92: 0.5
B93: 13MM KAUÇUK BORU İZOLASYONU
B94: DN 32 | C94: ODE VEYA MUADİLİ | D94: metre | E94: 80
B95: DN 40 | C95: ODE VEYA MUADİLİ | D95: metre | E95: 30
B96: DN 50 | C96: ODE VEYA MUADİLİ | D96: metre | E96: 15
B97: KÜRESEL VANALAR
B98: DN 20 | C98: DUYAR VEYA MUADİLİ | D98: adet | E98: 15
B99: DN 32 | C99: DUYAR VEYA MUADİLİ | D99: adet | E99: 7
B100: DN 40 | C100: DUYAR VEYA MUADİLİ | D100: adet | E100: 7
...

Sheet elektrik G BLOK
B1: G BLOK ELEKTRİK KEŞİF
A2: Sıra No | B2: İşin Tanımı | C2: Açıklama/Marka | D2: Birim | E2: Miktar | F2: Malzeme Birim Fiyat | G2: İşçilik Birim Fiyat | H2: Malzeme Tutar | I2: İşçilik Tutar | J2: Toplam Tutar
H3: =H4+H8+H16+H28+H37+H47+H52+H62+H64+H71+H79+H84+H97 -> 0 | I3: =I4+I8+I16+I28+I37+I47+I52+I62+I64+I71+I79+I84+I97 -> 0 | J3: =J4+J8+J16+J28+J37+J47+J52+J62+J64+J71+J79+J84+J97 -> 0
A4: 1 | B4: PANOLAR | H4: =SUM(H5:H7) -> 0 | I4: =SUM(I5:I7) -> 0 | J4: =SUM(J5:J7) -> 0
B5: GMRO_G | C5: EAE-SCHNEİDER VEYA MUADİLİ | D5: set | E5: 1
B6: RO_ZP_G | C6: EAE-SCHNEİDER VEYA MUADİLİ | D6: set | E6: 1
B7: RT-A | C7: EAE-SCHNEİDER VEYA MUADİLİ | D7: set | E7: 22
A8: 2 | B8: KUVVETLİ AKIM KABLOLARI | H8: =SUM(H9:H15) -> 0 | I8: =SUM(I9:I15) -> 0 | J8: =SUM(J9:J15) -> 0
B9: 3x1,5 NHXMH | C9: GÖLDAĞ VEYA MUADİLİ | D9: metre | E9: 5200
B10: 3x2,5 NHXMH | C10: GÖLDAĞ VEYA MUADİLİ | D10: metre | E10: 7100
B11: 5x2,5 NHXMH | C11: GÖLDAĞ VEYA MUADİLİ | D11: metre | E11: 220
B12: 5x6 N2XH | C12: GÖLDAĞ VEYA MUADİLİ | D12: metre | E12: 210
B13: 5x10 N2XH | C13: GÖLDAĞ VEYA MUADİLİ | D13: metre | E13: 680
B14: 5x95 N2XH | C14: GÖLDAĞ VEYA MUADİLİ | D14: metre | E14: 10
B15: 1x240 NYAF | C15: GÖLDAĞ VEYA MUADİLİ | D15: metre | E15: 10
A16: 3 | B16: AYDINLATMA ARMATÜRLERİ | H16: =SUM(H17:H27) -> 0 | I16: =SUM(I17:I27) -> 0 | J16: =SUM(J17:J27) -> 0
B17: 11 W SIVA ALTI LED SPOT | C17: EAE VEYA MUADİLİ | D17: adet | E17: 414
B18: 10 W SIVA ALTI LED SPOT | C18: EAE VEYA MUADİLİ | D18: adet | E18: 200
B19: 10 W SIVA ALTI LED SPOT KİTLİ | C19: EAE VEYA MUADİLİ | D19: adet | E19: 14
B20: 8,8 W TAVAN APLİK | C20: EAE VEYA MUADİLİ | D20: adet | E20: 17
B21: 8,8 W DUVAR APLİK | C21: EAE VEYA MUADİLİ | D21: adet | E21: 5
B22: 16 W SIVA ÜSTÜ SENSÖRLÜ LED ARMATÜR | C22: EAE VEYA MUADİLİ | D22: adet | E22: 9
B23: 16 W SIVA ÜSTÜ SENSÖRLÜ LED ARMATÜR KİTLİ | C23: EAE VEYA MUADİLİ | D23: adet | E23: 9
B24: 28 W ETANJ LED ARMATÜR | C24: EAE VEYA MUADİLİ | D24: adet | E24: 13
B25: 28 W ETANJ LED ARMATÜR KİTLİ | C25: EAE VEYA MUADİLİ | D25: adet | E25: 3
B26: ACİL YÖNLENDİRME ARMATÜRÜ | C26: EAE VEYA MUADİLİ | D26: adet | E26: 14
B27: KOMODİN ÜSTÜ DUVAR APLİK | D27: adet | E27: 44
A28: 4 | B28: ANAHTAR PRİZ | H28: =SUM(H29:H36) -> 0 | I28: =SUM(I29:I36) -> 0 | J28: =SUM(J29:J36) -> 0
B29: 2M MODÜLER KASA-KASKAT-ÇERÇEVE | C29: PANASONİC VEYA MUADİLİ | D29: adet | E29: 154
B30: 3M MODÜLER KASA-KASKAT-ÇERÇEVE | C30: PANASONİC VEYA MUADİLİ | D30: adet | E30: 66
B31: 4M MODÜLER KASA-KASKAT-ÇERÇEVE | C31: PANASONİC VEYA MUADİLİ | D31: adet | E31: 198
B32: 2M TOPRAKLI PRİZ | C32: PANASONİC VEYA MUADİLİ | D32: adet | E32: 440
B33: 2M KAPAKLI TOPRAKLI PRİZ | C33: PANASONİC VEYA MUADİLİ | D33: adet | E33: 88
B34: 5x16 A MAKİNE PRİZİ | C34: BEMİS VEYA MUADİLİ | D34: adet | E34: 22
B35: SIVA ALTI KAPAKLI PRİZ | C35: PANASONİC VEYA MUADİLİ | D35: adet | E35: 16
B36: SIVA ALTI TEKLİ ANAHTAR | C36: PANASONİC VEYA MUADİLİ | D36: adet | E36: 16
A37: 5 | B37: OTOMASYON | H37: =SUM(H38:H46) -> 0 | I37: =SUM(I38:I46) -> 0 | J37: =SUM(J38:J46) -> 0
B38: 2M 1 GANG OTOMASYON ANAHTARI | C38: EAE VEYA MUADİLİ | D38: adet | E38: 28
B39: 2M 2 GANG OTOMASYON ANAHTARI | C39: EAE VEYA MUADİLİ | D39: adet | E39: 50
B40: 2M 4 GANG OTOMASYON ANAHTARI | C40: EAE VEYA MUADİLİ | D40: adet | E40: 126
B41: OTOMASYON HAREKET SENSÖRÜ | C41: EAE VEYA MUADİLİ | D41: adet | E41: 17
B42: DND MUR İÇ ÜNİTE | C42: EAE VEYA MUADİLİ | D42: adet | E42: 22
B43: DND MUR DIŞ ÜNİTE | C43: EAE VEYA MUADİLİ | D43: adet | E43: 22
B44: 220 V KAPI ZİLİ | C44: EAE VEYA MUADİLİ | D44: adet | E44: 22
B45: 2x2x0,8 JE-H(St)H FE180/E90 | C45: ERSE VEYA MUADİLİ | D45: metre | E45: 3500
B46: TEST VE DEVREYE ALMA | C46: EAE VEYA MUADİLİ | D46: set | E46: 1
A47: 6 | B47: TOPRAKLAMA | H47: =SUM(H48:H51) -> 0 | I47: =SUM(I48:I51) -> 0 | J47: =SUM(J48:J51) -> 0
B48: 30x3,5 GALVANİZ ŞERİT | C48: GERSAN VEYA MUADİLİ | D48: metre | E48: 65
B49: EŞ POTANSİYEL BARA 30 CM | C49: GERSAN VEYA MUADİLİ | D49: adet | E49: 1
B50: Q8 GALVANİZ TEL | C50: GERSAN VEYA MUADİLİ | D50: metre | E50: 135
B51: 60 CM ALÜMİNYUM YAKALAMA UCU | C51: GERSAN VEYA MUADİLİ | D51: adet | E51: 6
A52: 7 | B52: KABLO KANALLARI | H52: =SUM(H53:H61) -> 0 | I52: =SUM(I53:I61) -> 0 | J52: =SUM(J53:J61) -> 0
B53: 50 LiK KABLO KANALI H=40 MM SICAK DALDIRMA | C53: STS VEYA MUADİLİ | D53: metre | E53: 618
B54: 100 LÜK KABLO KANALI H=40 MM SICAK DALDIRMA | C54: STS VEYA MUADİLİ | D54: metre | E54: 324
B55: 200 LÜK KABLO KANALI H=40 MM SICAK DALDIRMA | C55: STS VEYA MUADİLİ | D55: metre | E55: 120
B56: 300 LÜK KABLO KANALI H=40 MM SICAK DALDIRMA | C56: STS VEYA MUADİLİ | D56: metre | E56: 6
B57: 600 LÜK KABLO KANALI H=40 MM SICAK DALDIRMA | C57: STS VEYA MUADİLİ | D57: metre | E57: 9
B58: 100 LÜK KABLO MERDİVENİ H=40 MM SICAK DALDIRMA | C58: STS VEYA MUADİLİ | D58: metre | E58: 12
B59: 200 LÜK KABLO MERDİVENİ H=40 MM SICAK DALDIRMA | C59: STS VEYA MUADİLİ | D59: metre | E59: 18
B60: 300 LÜK KABLO MERDİVENİ H=40 MM SICAK DALDIRMA | C60: STS VEYA MUADİLİ | D60: metre | E60: 3
B61: 400 LÜK KABLO MERDİVENİ H=40 MM SICAK DALDIRMA | C61: STS VEYA MUADİLİ | D61: metre | E61: 3
A62: 8 | B62: BORULAR | H62: =SUM(H63:H63) -> 0 | I62: =SUM(I63:I63) -> 0 | J62: =SUM(J63:J63) -> 0
B63: Q20 HF KANGAL BORU | C63: CANLAR VEYA MUADİLİ | D63: metre | E63: 3600
A64: 9 | B64: DATA SİSTEMİ | H64: =SUM(H65:H70) -> 0 | I64: =SUM(I65:I70) -> 0 | J64: =SUM(J65:J70) -> 0
B65: MERKEZİ EKİPMANLAR | C65: HIKVISION VEYA MUADİLİ | D65: set | E65: 1
B66: 42U KABİNET | C66: TEKNİSAT VEYA MUADİLİ | D66: set | E66: 1
B67: POE ACCES POİNT | C67: HIKVISION VEYA MUADİLİ | D67: adet | E67: 5
B68: 1M TEKLİ DATA PRİZİ | C68: PANASONİC VEYA MUADİLİ | D68: adet | E68: 203
B69: CAT6 LSZH | C69: NEXANS VEYA MUADİLİ | D69: metre | E69: 7500
B70: TEST VE DEVREYE ALMA | C70: YOREL MÜHENDİSLİK | D70: set | E70: 1
A71: 10 | B71: TV SİSTEMİ | H71: =SUM(H72:H78) -> 0 | I71: =SUM(I72:I78) -> 0 | J71: =SUM(J72:J78) -> 0
B72: MERKEZİ EKİPMANLAR | C72: TEKNOLİNE VEYA MUADİLİ | D72: set | E72: 1
B73: 42U KABİNET | C73: TEKNİSAT VEYA MUADİLİ | D73: set | E73: 1
B74: ALÜMİNYUM ANTEN (ASKI DAHİL) | C74: TEKNOLİNE VEYA MUADİLİ | D74: set | E74: 2
B75: KARASAL ANTEN (ASKI DAHİL) | C75: TEKNOLİNE VEYA MUADİLİ | D75: set | E75: 1
B76: 1M RTV SAT PRİZ | C76: PANASONİC VEYA MUADİLİ | D76: adet | E76: 44
B77: RG6-U6 75 OHM CU | C77: ERSE VEYA MUADİLİ | D77: metre | E77: 2333
B78: TEST VE DEVREYE ALMA | C78: YOREL MÜHENDİSLİK | D78: set | E78: 1
A79: 11 | B79: CCTV SİSTEMİ | H79: =SUM(H80:H83) -> 0 | I79: =SUM(I80:I83) -> 0 | J79: =SUM(J80:J83) -> 0
B80: MERKEZİ EKİPMANLAR | C80: HIKVISION VEYA MUADİLİ | D80: set | E80: 1
B81: 5 MP DOME KAMERA | C81: HIKVISION VEYA MUADİLİ | D81: adet | E81: 27
B82: CAT6 LSZH | C82: NEXANS VEYA MUADİLİ | D82: metre | E82: 810
B83: TEST VE DEVREYE ALMA | C83: YOREL MÜHENDİSLİK | D83: set | E83: 1
A84: 12 | B84: YANGIN ALGILAMA SİSTEMİ | H84: =SUM(H85:H96) -> 0 | I84: =SUM(I85:I96) -> 0 | J84: =SUM(J85:J96) -> 0
B85: YANGIN PANELİ | C85: PROTEC VEYA MUADİLİ | D85: set | E85: 1
B86: ADRESLENEBİLİR OPTİK DUMAN DEDEKTÖRÜ | C86: PROTEC VEYA MUADİLİ | D86: adet | E86: 65
B87: ADRESLENEBİLİR ISI DEDEKTÖRÜ | C87: PROTEC VEYA MUADİLİ | D87: adet | E87: 22
B88: ADRESLENEBİLİR KOMBİNE DEDEKTÖRÜ | C88: PROTEC VEYA MUADİLİ | D88: adet | E88: 13
B89: DEDEKTÖR TABANI | C89: PROTEC VEYA MUADİLİ | D89: adet | E89: 100
B90: LED İNTİKATÖR | C90: PROTEC VEYA MUADİLİ | D90: adet | E90: 2
B91: ADRESLENEBİLİR SİRENLİ OPTİK DUMAN DEDEKTÖRÜ | C91: PROTEC VEYA MUADİLİ | D91: adet | E91: 22
B92: ADRESLENEBİLİR FLAŞÖRLÜ SİREN | C92: PROTEC VEYA MUADİLİ | D92: adet | E92: 13
B93: ADRESLENEBİLİR YANGIN BUTONU | C93: PROTEC VEYA MUADİLİ | D93: adet | E93: 11
B94: ADRESLENEBİLİR MODÜL 1 ÇIKIŞ | C94: PROTEC VEYA MUADİLİ | D94: adet | E94: 10
B95: 2x2x0,8 JE-H(St)H FE180/E90 | C95: ERSE VEYA MUADİLİ | D95: metre | E95: 1960
B96: TEST VE DEVREYE ALMA | C96: YOREL MÜHENDİSLİK | D96: set | E96: 1
A97: 13 | B97: SESLENDİRME SİSTEMİ | H97: =SUM(H98:H108) -> 0 | I97: =SUM(I98:I108) -> 0 | J97: =SUM(J98:J108) -> 0
B98: MERKEZİ EKİPMANLAR | C98: ATEİS VEYA MUADİLİ | D98: set | E98: 1
B99: 42U KABİNET | C99: TEKNİSAT VEYA MUADİLİ | D99: set | E99: 1
B100: DUVAR TİPİ MİKROFON KONSOLU | C100: ATEİS VEYA MUADİLİ | D100: set | E100: 1
...

Sheet elektrik F BLOK
B1: F BLOK ELEKTRİK KEŞİF
A2: Sıra No | B2: İşin Tanımı | C2: Açıklama/Marka | D2: Birim | E2: Miktar | F2: Malzeme Birim Fiyat | G2: İşçilik Birim Fiyat | H2: Malzeme Tutar | I2: İşçilik Tutar | J2: Toplam Tutar
H3: =H4+H15+H25+H41+H51+H61+H66+H77+H80+H91+H99+H104+H122 -> 0 | I3: =I4+I15+I25+I41+I51+I61+I66+I77+I80+I91+I99+I104+I122 -> 0 | J3: =J4+J15+J25+J41+J51+J61+J66+J77+J80+J91+J99+J104+J122 -> 0
A4: 1 | B4: PANOLAR | H4: =SUM(H5:H14) -> 0 | I4: =SUM(I5:I14) -> 0 | J4: =SUM(J5:J14) -> 0
B5: GMRO_F | C5: EAE-SCHNEİDER VEYA MUADİLİ | D5: set | E5: 1
B6: RO_ZP_F | C6: EAE-SCHNEİDER VEYA MUADİLİ | D6: set | E6: 1
B7: RO_G | C7: EAE-SCHNEİDER VEYA MUADİLİ | D7: set | E7: 1
B8: RT_A1 | C8: EAE-SCHNEİDER VEYA MUADİLİ | D8: set | E8: 1
B9: RT_A2 | C9: EAE-SCHNEİDER VEYA MUADİLİ | D9: set | E9: 5
B10: RT_A3 | C10: EAE-SCHNEİDER VEYA MUADİLİ | D10: set | E10: 6
B11: RT_A4 | C11: EAE-SCHNEİDER VEYA MUADİLİ | D11: set | E11: 5
B12: RT_A5 | C12: EAE-SCHNEİDER VEYA MUADİLİ | D12: set | E12: 2
B13: RT_A6 | C13: EAE-SCHNEİDER VEYA MUADİLİ | D13: set | E13: 1
B14: RT_A7 | C14: EAE-SCHNEİDER VEYA MUADİLİ | D14: set | E14: 1
A15: 2 | B15: KUVVETLİ AKIM KABLOLARI
B16: 3x1,5 NHXMH | C16: GÖLDAĞ VEYA MUADİLİ | D16: metre | E16: 7800
B17: 3x2,5 NHXMH | C17: GÖLDAĞ VEYA MUADİLİ | D17: metre | E17: 10650
B18: 5x2,5 NHXMH | C18: GÖLDAĞ VEYA MUADİLİ | D18: metre | E18: 260
B19: 5x6 N2XH | C19: GÖLDAĞ VEYA MUADİLİ | D19: metre | E19: 280
B20: 5x10 N2XH | C20: GÖLDAĞ VEYA MUADİLİ | D20: metre | E20: 760
B21: 5x95 N2XH | C21: GÖLDAĞ VEYA MUADİLİ | D21: metre | E21: 10
B22: 4x2,5 N2XH FE180/E90 | C22: GÖLDAĞ VEYA MUADİLİ | D22: metre | E22: 500
B23: 5x10 N2XH FE180/E90 | C23: GÖLDAĞ VEYA MUADİLİ | D23: metre | E23: 200
B24: 1x240 NYAF | C24: GÖLDAĞ VEYA MUADİLİ | D24: metre | E24: 10
A25: 3 | B25: AYDINLATMA ARMATÜRLERİ
B26: 11 W SIVA ALTI LED SPOT | C26: EAE VEYA MUADİLİ | D26: adet | E26: 628
B27: 10 W SIVA ALTI LED SPOT | C27: EAE VEYA MUADİLİ | D27: adet | E27: 319
B28: 10 W SIVA ALTI LED SPOT KİTLİ | C28: EAE VEYA MUADİLİ | D28: adet | E28: 24
B29: 15 W SIVA ALTI LED SPOT | C29: EAE VEYA MUADİLİ | D29: adet | E29: 16
B30: 15 W SIVA ALTI LED SPOT KİTLİ | C30: EAE VEYA MUADİLİ | D30: adet | E30: 4
B31: 8,8 W TAVAN APLİK | C31: EAE VEYA MUADİLİ | D31: adet | E31: 35
B32: 8,8 W DUVAR APLİK | C32: EAE VEYA MUADİLİ | D32: adet | E32: 29
B33: 16 W SIVA ÜSTÜ SENSÖRLÜ LED ARMATÜR | C33: EAE VEYA MUADİLİ | D33: adet | E33: 20
B34: 16 W SIVA ÜSTÜ SENSÖRLÜ LED ARMATÜR KİTLİ | C34: EAE VEYA MUADİLİ | D34: adet | E34: 9
B35: 28 W ETANJ LED ARMATÜR | C35: EAE VEYA MUADİLİ | D35: adet | E35: 28
B36: 28 W ETANJ LED ARMATÜR KİTLİ | C36: EAE VEYA MUADİLİ | D36: adet | E36: 10
B37: 10,1 W DUVAR ARMATÜR | C37: EAE VEYA MUADİLİ | D37: adet | E37: 18
... B39: 360 DERECE HAREKET DEDEKTÖRÜ | C39: EAE VEYA MUADİLİ | D39: adet | E39: 5
B40: KOMODİN ÜSTÜ DUVAR APLİK | D40: adet | E40: 59
A41: 4 | B41: ANAHTAR PRİZ
B42: 2M MODÜLER KASA-KASKAT-ÇERÇEVE | C42: PANASONİC VEYA MUADİLİ | D42: adet | E42: 231
B43: 3M MODÜLER KASA-KASKAT-ÇERÇEVE | C43: PANASONİC VEYA MUADİLİ | D43: adet | E43: 99
B44: 4M MODÜLER KASA-KASKAT-ÇERÇEVE | C44: PANASONİC VEYA MUADİLİ | D44: adet | E44: 297
B45: 2M TOPRAKLI PRİZ | C45: PANASONİC VEYA MUADİLİ | D45: adet | E45: 660
B46: 2M KAPAKLI TOPRAKLI PRİZ | C46: PANASONİC VEYA MUADİLİ | D46: adet | E46: 132
B47: 5x16 A MAKİNE PRİZİ | C47: BEMİS VEYA MUADİLİ | D47: adet | E47: 20
B48: 8M DÖŞEME ALTI PRİZ KUTUSU | C48: DORA VEYA MUADİLİ | D48: adet | E48: 15
B49: SIVA ALTI KAPAKLI PRİZ | C49: PANASONİC VEYA MUADİLİ | D49: adet | E49: 13
B50: SIVA ALTI TEKLİ ANAHTAR | C50: PANASONİC VEYA MUADİLİ | D50: adet | E50: 13
A51: 5 | B51: OTOMASYON
B52: 2M 1 GANG OTOMASYON ANAHTARI | C52: EAE VEYA MUADİLİ | D52: adet | E52: 42
B53: 2M 2 GANG OTOMASYON ANAHTARI | C53: EAE VEYA MUADİLİ | D53: adet | E53: 76
B54: 2M 4 GANG OTOMASYON ANAHTARI | C54: EAE VEYA MUADİLİ | D54: adet | E54: 190
B55: OTOMASYON HAREKET SENSÖRÜ | C55: EAE VEYA MUADİLİ | D55: adet | E55: 21
B56: DND MUR İÇ ÜNİTE | C56: EAE VEYA MUADİLİ | D56: adet | E56: 21
B57: DND MUR DIŞ ÜNİTE | C57: EAE VEYA MUADİLİ | D57: adet | E57: 21
B58: 220 V KAPI ZİLİ | C58: EAE VEYA MUADİLİ | D58: adet | E58: 21
B59: 2x2x0,8 JE-H(St)H FE180/E90 | C59: ERSE VEYA MUADİLİ | D59: metre | E59: 5250
B60: TEST VE DEVREYE ALMA | C60: EAE VEYA MUADİLİ | D60: set | E60: 1
A61: 6 | B61: TOPRAKLAMA
B62: 30x3,5 GALVANİZ ŞERİT | C62: GERSAN VEYA MUADİLİ | D62: metre | E62: 35
B63: EŞ POTANSİYEL BARA 30 CM | C63: GERSAN VEYA MUADİLİ | D63: adet | E63: 1
B64: Q8 GALVANİZ TEL | C64: GERSAN VEYA MUADİLİ | D64: metre | E64: 165
B65: 60 CM ALÜMİNYUM YAKALAMA UCU | C65: GERSAN VEYA MUADİLİ | D65: adet | E65: 10
A66: 7 | B66: KABLO KANALLARI
B67: 50 LiK KABLO KANALI H=40 MM SICAK DALDIRMA | C67: STS VEYA MUADİLİ | D67: metre | E67: 927
B68: 100 LÜK KABLO KANALI H=40 MM SICAK DALDIRMA | C68: STS VEYA MUADİLİ | D68: metre | E68: 486
B69: 200 LÜK KABLO KANALI H=40 MM SICAK DALDIRMA | C69: STS VEYA MUADİLİ | D69: metre | E69: 180
B70: 300 LÜK KABLO KANALI H=40 MM SICAK DALDIRMA | C70: STS VEYA MUADİLİ | D70: metre | E70: 9
B71: 600 LÜK KABLO KANALI H=40 MM SICAK DALDIRMA | C71: STS VEYA MUADİLİ | D71: metre | E71: 15
B72: 100 LÜK KABLO MERDİVENİ H=40 MM SICAK DALDIRMA | C72: STS VEYA MUADİLİ | D72: metre | E72: 18
B73: 200 LÜK KABLO MERDİVENİ H=40 MM SICAK DALDIRMA | C73: STS VEYA MUADİLİ | D73: metre | E73: 27
B74: 300 LÜK KABLO MERDİVENİ H=40 MM SICAK DALDIRMA | C74: STS VEYA MUADİLİ | D74: metre | E74: 3
B75: 400 LÜK KABLO MERDİVENİ H=40 MM SICAK DALDIRMA | C75: STS VEYA MUADİLİ | D75: metre | E75: 6
B76: 8M DÖŞEME ALTI PRİZ KASASI | C76: STS VEYA MUADİLİ | D76: metre | E76: 15
A77: 8 | B77: BORULAR
B78: Q20 HF KANGAL BORU | C78: CANLAR VEYA MUADİLİ | D78: metre | E78: 5400
B79: Ø20 RİJİT BORU | C79: CANLAR VEYA MUADİLİ | D79: metre | E79: 450
A80: 9 | B80: DATA SİSTEMİ
B81: MERKEZİ EKİPMANLAR | C81: HIKVISION VEYA MUADİLİ | D81: set | E81: 1
B82: 42U KABİNET | C82: TEKNİSAT VEYA MUADİLİ | D82: set | E82: 1
B83: POE ACCES POİNT | C83: HIKVISION VEYA MUADİLİ | D83: adet | E83: 5
B84: 1M TEKLİ DATA PRİZİ | C84: PANASONİC VEYA MUADİLİ | D84: adet | E84: 260
B85: 240x200 BEYAZ ELEKTRİKLİ PERDE (ASKI VE KUMANDA DAHİL) | C85: CODOGEN VEYA MUADİLİ | D85: set | E85: 1
B86: 3400 LÜMEN PROJEKSİYON CİHAZI (ASKI VE KUMANDA DAHİL) | C86: EPSON VEYA MUADİLİ | D86: set | E86: 1
B87: 10 M HDIM KABLOSU | C87: WELLBOX VEYA MUADİLİ | D87: adet | E87: 1
B88: 2M HDIM PRİZİ | C88: PANASONİC VEYA MUADİLİ | D88: adet | E88: 2
B89: CAT6 LSZH | C89: NEXANS VEYA MUADİLİ | D89: metre | E89: 12700
B90: TEST VE DEVREYE ALMA | C90: YOREL MÜHENDİSLİK | D90: set | E90: 1
A91: 10 | B91: TV SİSTEMİ
B92: MERKEZİ EKİPMANLAR | C92: TEKNOLİNE VEYA MUADİLİ | D92: set | E92: 1
B93: 42U KABİNET | C93: TEKNİSAT VEYA MUADİLİ | D93: set | E93: 1
B94: ALÜMİNYUM ANTEN (ASKI DAHİL) | C94: TEKNOLİNE VEYA MUADİLİ | D94: set | E94: 2
B95: KARASAL ANTEN (ASKI DAHİL) | C95: TEKNOLİNE VEYA MUADİLİ | D95: set | E95: 1
B96: 1M RTV SAT PRİZ | C96: PANASONİC VEYA MUADİLİ | D96: adet | E96: 54
B97: RG6-U6 75 OHM CU | C97: ERSE VEYA MUADİLİ | D97: metre | E97: 3060
B98: TEST VE DEVREYE ALMA | C98: YOREL MÜHENDİSLİK | D98: set | E98: 1
A99: 11 | B99: CCTV SİSTEMİ
B100: MERKEZİ EKİPMANLAR | C100: HIKVISION VEYA MUADİLİ | D100: set | E100: 1
B101: 5 MP DOME KAMERA | C101: HIKVISION VEYA MUADİLİ | D101: adet | E101: 39
...
