Workbook

Sheet İCMAL
B2: 45999 | D2: FİRMA BİLGİLERİ, ADRES, İLGİLİ KİŞİ ,TELEFON , EMAİL BİLGİLERİ GİRİLECEK... TEKLİF EKİ OLARAK AŞAĞIDAKİ BELGELER TEMİN EDİLECEK: -Ticaret Odası Faaliyet Belgesi (6 aydan eski tarihli olmayacak) - Ticari Sicil Gazetesi - İmza Sirküleri - Güncel Vergi Levhası Fotokopisi - SGK ve Vergi Dairesi borç durumu yazıları (güncel tarihli)
B3: FIRMA-I BURSA SAHA-BIR OSB FABRİKA BİNASI İnşaat İşleri
B4: NO | C4: AÇIKLAMA | D4: MALZEME TUTAR | F4: İŞÇİLİK TUTAR | H4: TOPLAM TUTAR
B5: 1 | C5: İNŞAAAT İŞLERİ (BİNA) | D5: {=+'İnşai işler BİNA'!L221:M221} -> 0 | E5: 0 | F5: {=+'İnşai işler BİNA'!L222:M222} -> 0 | G5: 0 | H5: =+D5+F5 -> 0
B6: 2 | C6: İNŞAAT İŞLERİ (SAHA&PEYZAJ) | D6: {=+'İnşai işler SAHA'!L61:M61} -> 0 | E6: 0 | F6: {=+'İnşai işler SAHA'!L62:M62} -> 0 | G6: 0 | H6: =+D6+F6 -> 0
B7: 3 | C7: MEKANİK İŞLER | D7: =+Mekanik!L654 -> 48228317 | F7: =+Mekanik!L655 -> 13460588 | H7: =+D7+F7 -> 61688905
B8: 4 | C8: ELEKTRİK İŞLERİ | D8: =+Elektrik!AT712 -> 0 | F8: =+Elektrik!AT713 -> 0 | H8: =+D8+F8 -> 0
B9: 5 | C9: ENERJİ TEMİNİ VE ORTA GERİLİM İŞLERİ | D9: {=+'Enerji temini'!L7:M7} -> 0 | E9: 0 | F9: {=+'Enerji temini'!L8:M8} -> 0 | G9: 0 | H9: =+D9+F9 -> 0
B10: 6 | C10: ASANSÖR | D10: =+Asansör!L6 -> 0 | F10: =+Asansör!L7 -> 0 | H10: =+D10+F10 -> 0
D11: =+D5+D6+D7+D8+D9+D10 -> 48228317 | E11: =+E5+E6+E7+E8 -> 0 | F11: =+F5+F6+F7+F8+F9+F10 -> 13460588 | G11: =+G5+G6+G7+G8 -> 0 | H11: =+H5+H6+H7+H8+H9+H10 -> 61688905
B13: - Aylık hakedişlere istinaden düzenlenecek fatura bedeli, fatura tarihinden itibaren 45/60 gün içerisinde hesaba EFT/HAVALE olarak yapılır. - Taep edilecek avans tutarı karşılığı, geçici kabulde iade etmek üzere, işverenin formatına uygun banka teminat mektubu alınır. - Kesin kabulden 1 sene sonra iade etmek üzere 10% kesin teminat alınır. - İş birim fiyat usulüdür.
B14: TEKLİF VEREN FİRMA KAŞE İMZA

Sheet İnşai işler BİNA
A1: ANA BİNA İNŞAİ İŞLER | F1: KEŞİF | H1: MALZEME | J1: İŞÇİLİK | L1: Satış Br. Fiyat | M1: Satış Tutar
A2: Şartname No | B2: Poz No | C2: İmalatlar | F2: Birim | G2: Metraj | H2: Malzeme Br. Fiyat | I2: Malzeme Tutar | J2: İşçilik Br. Fiyat | K2: İşçilik Tutar
B3: 1 | C3: TOPRAK İŞLERİ | I3: =SUM(I4:I5) -> 0 | K3: =SUM(K4:K5) -> 0 | M3: =SUM(M4:M5) -> 0
B4: 1.1 | C4: KAZI İŞLERİ 134.20 (0.00) kotu ile projede gösterilen (temel altı katmanlaşmalar dikkate alınarak) hafriyat alt kotları arasında bina kazısı yapılması ve saha dışına dökümü (geoteknik rapordaki şev tanımlarına uygun olarak şevlerin yapılması, projede gösterilen asansör-pis su vb çukurların açılması ) | F4: m3 | G4: 8735 | I4: =+H4*G4 -> 0 | K4: =+J4*G4 -> 0 | L4: =+H4+J4 -> 0 | M4: =L4*G4 -> 0
B5: 1.2 | C5: DOLGU İŞLERİ Geoteknik raporunda belirtildiği gibi Temel altına 30 cm yüksekliğinde sıkıştırılmış seçme granüler malzeme (kum-çakıl) ile capping şilte tabakası oluşturulması (GW-SW tipi malzeme kullanılacaktır, granüler tabaka içinde kil+silt oranının %5 ile sınırlandırılması gerekecektir.Max. dane boyutu 10 cm geçmemelidir) | F5: m3 | G5: 939.6 | I5: =+H5*G5 -> 0 | K5: =+J5*G5 -> 0 | L5: =+H5+J5 -> 0 | M5: =L5*G5 -> 0
A6: 03 31 00 | B6: 2 | C6: BETONARME STRÜKTÜR İŞLERİ | I6: =SUM(I7:I13) -> 0 | K6: =SUM(K7:K13) -> 0 | M6: =SUM(M7:M13) -> 0
B7: 2.1 | C7: Düz yüzeyli beton ve betonarme kalıbı yapılması (Temel ve bağ kirişleri dolgu altında kalan imalatlar) | F7: m² | G7: 1723.57 | I7: =+H7*G7 -> 0 | K7: =+J7*G7 -> 0 | L7: =+H7+J7 -> 0 | M7: =L7*G7 -> 0
B8: 2.2 | C8: Düz yüzeyli kontrplaktan (plywood) beton ve betonarme kalıbı yapılması (kiriş, kolon, döşeme, perde vb görünen yüzeyler) | F8: m² | G8: 9681.78 | I8: =+H8*G8 -> 0 | K8: =+J8*G8 -> 0 | L8: =+H8+J8 -> 0 | M8: =L8*G8 -> 0
B9: 2.3 | C9: C 20 Betonu (Grobeton-koruma betonu) demirsiz | F9: m3 | G9: 1260.17 | I9: =+H9*G9 -> 0 | K9: =+J9*G9 -> 0 | L9: =+H9+J9 -> 0 | M9: =L9*G9 -> 0
B10: 2.4 | C10: C 35 Betonarme Betonu (Temel, bağ kirişi, kaide ve sokl) | F10: m3 | G10: 3202.17 | I10: =+H10*G10 -> 0 | K10: =+J10*G10 -> 0 | L10: =+H10+J10 -> 0 | M10: =L10*G10 -> 0
B11: 2.5 | C11: C 35 Üst yapı betonarme betonu (Temel, bağ kirişi, kaide ve sokl) | F11: m3 | G11: 1920.1 | I11: =+H11*G11 -> 0 | K11: =+J11*G11 -> 0 | L11: =+H11+J11 -> 0 | M11: =L11*G11 -> 0
B12: 2.6 | C12: Nervürlü Ø8 ve Ø12 çaplı (ince) tor çeliğin betonarme projesine göre bükülmesi ve yerine konması | F12: Kg | G12: 137597.12 | I12: =+H12*G12 -> 0 | K12: =+J12*G12 -> 0 | L12: =+H12+J12 -> 0 | M12: =L12*G12 -> 0
B13: 2.7 | C13: Nervürlü Ø14 ve Ø26 çaplı (kalın) tor çeliğin betonarme projesine göre bükülmesi ve yerine konması | F13: Kg | G13: 462152.52 | I13: =+H13*G13 -> 0 | K13: =+J13*G13 -> 0 | L13: =+H13+J13 -> 0 | M13: =L13*G13 -> 0
A14: 05 12 00 | B14: 3 | C14: ÇELİK İMALAT VE MONTAJ İŞLERİ | I14: =SUM(I15:I19) -> 0 | K14: =SUM(K15:K19) -> 0 | M14: =SUM(M15:M19) -> 0
B15: 3.1 | C15: S235 kalite yapı çeliğinden kiriş, kolon, aşık vb yapılması (bağlantı elemanları dahil) | F15: Kg | G15: 62199.77 | I15: =+H15*G15 -> 0 | K15: =+J15*G15 -> 0 | L15: =+H15+J15 -> 0 | M15: =L15*G15 -> 0
B16: 3.2 | C16: S275 kalite yapı çeliğinden kiriş, kolon, aşık vb yapılması (bağlantı elemanları dahil) | F16: Kg | G16: 13158.92 | I16: =+H16*G16 -> 0 | K16: =+J16*G16 -> 0 | L16: =+H16+J16 -> 0 | M16: =L16*G16 -> 0
B17: 3.3 | C17: S235 kalite sacdan kiriş - kolon ve her türlü birleşim plakası yapılması | F17: Kg | G17: 29933.05 | I17: =+H17*G17 -> 0 | K17: =+J17*G17 -> 0 | L17: =+H17+J17 -> 0 | M17: =L17*G17 -> 0
B18: 3.4 | C18: Çelik imalatın kumlanarak 2 kat antipas 2 kat yağlı boya ile boyanması | F18: m² | G18: 2367.56 | I18: =+H18*G18 -> 0 | K18: =+J18*G18 -> 0 | L18: =+H18+J18 -> 0 | M18: =L18*G18 -> 0
B19: 3.5 | C19: 5.6 Yapı çeliğinden ankraj bulonu yapılması (cıvata somun vb.dahil) | F19: ad | G19: 50 | I19: =+H19*G19 -> 0 | K19: =+J19*G19 -> 0 | L19: =+H19+J19 -> 0 | M19: =L19*G19 -> 0
A20: 07 52 16 07 21 13.3 | B20: 4 | C20: MUHTELİF ISI VE SU YALITIMI İŞLERİ | I20: =+I21+I29+I35 -> 0 | K20: =+K21+K29+K35 -> 0 | M20: =+M21+M29+M35 -> 0
B21: 4.1 | C21: Temel altı altı yalıtımları | I21: =SUM(I22:I28) -> 0 | K21: =SUM(K22:K28) -> 0 | M21: =SUM(M22:M28) -> 0
B22: 4.1.1 | C22: 200 μ polyetilen örtü ile rutubete karşı veya ayırıcı tabaka yapılması (temel altında) | F22: m² | G22: 3046 | I22: =+H22*G22 -> 0 | K22: =+J22*G22 -> 0 | L22: =+H22+J22 -> 0 | M22: =L22*G22 -> 0
C23: Grobeton (10 cm) (Metraji Betonarme işlerde verilmiştir) | F23: m3 | G23: 0 | I23: =+H23*G23 -> 0 | K23: =+J23*G23 -> 0 | L23: =+H23+J23 -> 0 | M23: =L23*G23 -> 0
B24: 4.1.2 | C24: Bitüm esaslı astar | F24: m² | G24: 4069 | I24: =+H24*G24 -> 0 | K24: =+J24*G24 -> 0 | L24: =+H24+J24 -> 0 | M24: =L24*G24 -> 0
B25: 4.1.3 | C25: 2 kat 3mm kalınlıkta Polyester donatılı esnek SBS bitümlü su yalıtım membranı ile su yalıtımı yapılması | F25: m² | G25: 4069 | I25: =+H25*G25 -> 0 | K25: =+J25*G25 -> 0 | L25: =+H25+J25 -> 0 | M25: =L25*G25 -> 0
B26: 4.1.4 | C26: 50 mm kalınlıkta, minimum yoğunluğu 30 kg/m³, minimum 500kPa basma mukavemetine sahip XPS levhalar | F26: m² | G26: 4069 | I26: =+H26*G26 -> 0 | K26: =+J26*G26 -> 0 | L26: =+H26+J26 -> 0 | M26: =L26*G26 -> 0
B27: 4.1.5 | C27: Ayırıcı filtre tabakası (Geotekstil keçe 500gr/m²) serilmesi | F27: m² | G27: 4069 | I27: =+H27*G27 -> 0 | K27: =+J27*G27 -> 0 | L27: =+H27+J27 -> 0 | M27: =L27*G27 -> 0
C28: Koruma betonu (10 cm) (Metraji Betonarme işlerde verilmiştir) | F28: m3 | G28: 0 | I28: =+H28*G28 -> 0 | K28: =+J28*G28 -> 0 | L28: =+H28+J28 -> 0 | M28: =L28*G28 -> 0
B29: 4.2 | C29: Perde duvar yalıtımları - ısı ve su yalıtımı | I29: =SUM(I30:I34) -> 0 | K29: =SUM(K30:K34) -> 0 | M29: =SUM(M30:M34) -> 0
B30: 4.2.1 | C30: Bitüm esaslı astar | F30: m² | G30: 441.5 | I30: =+H30*G30 -> 0 | K30: =+J30*G30 -> 0 | L30: =+H30+J30 -> 0 | M30: =L30*G30 -> 0
B31: 4.2.2 | C31: 2 kat 3mm kalınlıkta Polyester donatılı esnek SBS bitümlü su yalıtım membranı ile su yalıtımı yapılması | F31: m² | G31: 441.5 | I31: =+H31*G31 -> 0 | K31: =+J31*G31 -> 0 | L31: =+H31+J31 -> 0 | M31: =L31*G31 -> 0
B32: 4.2.3 | C32: 50 mm kalınlıkta, minimum yoğunluğu 30 kg/m³, minimum 300kPa basma mukavemetine sahip XPS levhalar | F32: m² | G32: 441.5 | I32: =+H32*G32 -> 0 | K32: =+J32*G32 -> 0 | L32: =+H32+J32 -> 0 | M32: =L32*G32 -> 0
B33: 4.2.4 | C33: Drenaj sağlayıcı, koruyucu kabarcıklı levha (8 mm) (bodrum kat perde duvarlar ve temel düşey yüzeyler | F33: m² | G33: 621.5 | I33: =+H33*G33 -> 0 | K33: =+J33*G33 -> 0 | L33: =+H33+J33 -> 0 | M33: =L33*G33 -> 0
B34: 4.2.5 | C34: Çevre drenajı (Fransiz drenajı) için Q 200 Delikli boru (Projesine uygun geotkstil ve serbest drenaj malzemesi dahil) | F34: mt | G34: 340 | I34: =+H34*G34 -> 0 | K34: =+J34*G34 -> 0 | L34: =+H34+J34 -> 0 | M34: =L34*G34 -> 0
B35: 4.3 | C35: Sürme esaslı su yalıtımı yapılması | I35: =SUM(I36:I37) -> 0 | K35: =SUM(K36:K37) -> 0 | M35: =SUM(M36:M37) -> 0
A36: 07 16 13 | B36: 4.3.1 | C36: Çimento katkılı akrilik esaslı, çift komponentli su yalıtım malzemesi ile su yalıtımı yapılması (ıslak ve yarı-ıslak hacimler yalıtım 30 cm duvarlara dönecektir. Montaj Holündeki döşeme kanallarının döşeme ve duvarlarının yalıtıtımı) | F36: m² | G36: 488.73 | I36: =+H36*G36 -> 0 | K36: =+J36*G36 -> 0 | L36: =+H36+J36 -> 0 | M36: =L36*G36 -> 0
A37: 07 16 16 | B37: 4.3.2 | C37: Kristalize su yalıtımı yapılması (Su deposu-Pompa dairesi zemin, duvar ve tavanında) | F37: m² | G37: 711.54 | I37: =+H37*G37 -> 0 | K37: =+J37*G37 -> 0 | L37: =+H37+J37 -> 0 | M37: =L37*G37 -> 0
B38: 5 | C38: ÇATI VE CEPHE KAPLAMA İŞLERİ | I38: =+I39+I41+I43+I46+I50+I53+I55+I62 -> 0 | K38: =+K39+K41+K43+K46+K50+K53+K55+K62 -> 0 | M38: =+M39+M41+M43+M46+M50+M53+M55+M62 -> 0
A39: 07 42 43 | B39: 5.1 | C39: Taşyünü dolgulu sandviç panel cephe kaplaması (CK-01) | I39: =SUM(I40) -> 0 | K39: =SUM(K40) -> 0 | M39: =SUM(M40) -> 0
B40: 5.1.1 | C40: Proje ve detaylarına uygun Dış yüzü; 0,70 mm kalınlıkta, 100 mm dalga boyu ve 20 mm dip-tepe dalga yüksekliğine sahip sinüzoidal formda, 275 gr/m² galvanizli, 5 mikron astar üzeri 20 mikron son kat coil coating sistem ral 9006 Pvdf boyalı,sacın taşyünü gören yüzeyi 12 mikron çift kat astar kaplı, boyalı galvanizli DX51 kalite sac; üstünde 100 mm kalınlıkta 100 kg/m³ yoğunluğunda kesintisiz taşyünü; İc yüzü; 0,50 mm kalınlıkta, 100 gr/m² galvanizli, 5 mikron astar üzeri 20 mikron son kat coil coating sistem ral 9002 Polyester boyalı, sacın taşyünü gören yüzeyi 12 mikron çift kat astar kaplı, boyalı galvanizli DX51 kalite sac; 1000 mm faydalı eninde sandviç panel (TEKİZ SPD 1000 TİP 60 TAŞYÜNÜ YALITIMLI SİNÜS DESENLİ GİZLİ VİDALI CEPHE PANELİ veya muadili) ( Tüm ic köşe, dış köse, etek profili, damlalik profili, kapama profili vb. tüm aksesuarlar 1 mm olacak olup birim fiyata dahildir.) | F40: m² | G40: 1587 | I40: =+H40*G40 -> 0 | K40: =+J40*G40 -> 0 | L40: =+H40+J40 -> 0 | M40: =L40*G40 -> 0
B41: 5.2 | C41: Polikarbonat levha cephe kaplaması (CK-02) | I41: =SUM(I42) -> 0 | K41: =SUM(K42) -> 0 | M41: =SUM(M42) -> 0
B42: 5.2.1 | C42: Proje ve detaylarına uygun 40 mm kalınlıkta çoklu odacıklı polikarbonat levhadan cephe kaplaması yapılması (ASSAN MULTILIGHT POLIKARBONAT PANEL veya muadili. Faydalı en 1000 mm yükseklik 2250 mm (Montaj esnasında gerekli olan tüm alüminyum aksesuarlar birim fiyata dahildir) | F42: m² | G42: 185 | I42: =+H42*G42 -> 0 | K42: =+J42*G42 -> 0 | L42: =+H42+J42 -> 0 | M42: =L42*G42 -> 0
A43: 08 44 26 | B43: 5.3 | C43: Alüminyum kapaklı cam giydirme cephe yapılması (GC01, GC02) | I43: =SUM(I44:I45) -> 0 | K43: =SUM(K44:K45) -> 0 | M43: =SUM(M44:M45) -> 0
B44: 5.3.1 | C44: GC01_ Alüminyum Giydirme Cephe ( 2200x665 cm kapaklı sistem) Dıştan içe 8 mm temperli cam 16 mm hava boşluğu 5+5 mm lamine şeffaf ısıcam. (Montaj için gerekli çelik konstrüksiyon, ankrajlar ve tüm alüminyum aksesuarlar birim fiyata dahildir) .Giydirme cephede 200x300 cm boyutlarında fotoselli kapı için boşluk olacaktır | F44: ad | G44: 1 | I44: =+H44*G44 -> 0 | K44: =+J44*G44 -> 0 | L44: =+H44+J44 -> 0 | M44: =L44*G44 -> 0
B45: 5.3.2 | C45: GC02_ Alüminyum Giydirme Cephe ( 780x500 cm kapaklı sistem) Dıştan içe 8 mm temperli cam 16 mm hava boşluğu 5+5 mm lamine şeffaf ısıcam. Montaj için gerekli çelik konstrüksiyon, ankrajlar ve tüm alüminyum aksesuarlar birim fiyata dahildir)Giydirme cephede 200x300 cm boyutlarında fotoselli kapı için boşluk olacaktır | F45: ad | G45: 1 | I45: =+H45*G45 -> 0 | K45: =+J45*G45 -> 0 | L45: =+H45+J45 -> 0 | M45: =L45*G45 -> 0
A46: 08 51 13 | B46: 5.4 | C46: Alüminyum Dış Cephe Doğrama İşleri (CD01, CD02, CD03) | I46: =SUM(I47:I49) -> 0 | K46: =SUM(K47:K49) -> 0 | M46: =SUM(M47:M49) -> 0
B47: 5.4.1 | C47: CD01 Alüminyum dış cephe doğraması (Dış cam 8mm temperli + 16 mm hava boşluğu iç cam 4+4 mm lamine şeffaf ısıcamlı 1580x265 cm boyutlarında) Doğrama içinde 210x265 cm boyutlarında çift açılır camlı kapı olacaktır. | F47: ad | G47: 1 | I47: =+H47*G47 -> 0 | K47: =+J47*G47 -> 0 | L47: =+H47+J47 -> 0 | M47: =L47*G47 -> 0
B48: 5.4.2 | C48: CD02 Alüminyum dış cephe doğraması (Dış cam 8mm temperli + 16 mm hava boşluğu iç cam 4+4 mm lamine şeffaf ısıcamlı 840x265 cm boyutlarında) Doğrama içinde 210x265 cm boyutlarında çift açılır camlı kapı olacaktır. | F48: ad | G48: 1 | I48: =+H48*G48 -> 0 | K48: =+J48*G48 -> 0 | L48: =+H48+J48 -> 0 | M48: =L48*G48 -> 0
B49: 5.4.2 | C49: CD03 Alüminyum dış cephe doğraması (Dış cam 8mm temperli + 16 mm hava boşluğu iç cam 4+4 mm lamine şeffaf ısıcamlı 220x265 cm boyutlarında) Doğrama içinde 110x265 cm boyutlarında çift açılır camlı kapı olacaktır. | F49: ad | G49: 2 | I49: =+H49*G49 -> 0 | K49: =+J49*G49 -> 0 | L49: =+H49+J49 -> 0 | M49: =L49*G49 -> 0
B50: 5.5 | C50: Cephe saçaklarına boyalı sac trapez sinüs panel kaplanması, galvaniz sac dere yapılması | I50: =SUM(I51:I52) -> 0 | K50: =SUM(K51:K52) -> 0 | M50: =SUM(M51:M52) -> 0
A51: 07 42 43 | B51: 5.5.1 | C51: 0,60 mm kalınlığında 40 mm hadve yüksekliğinde, sinüs hadveleri arasındaki mesafe 165 mm, net kaplama eni 990 mm, yüzeyi 5 mikron epoxy astar + 20-22 mikron 2 kat polyester , seçilecek Ral renginde boyalı gaivaniz sac trapez sinüs panel kaplama yapılması | F51: m² | G51: 390.3 | I51: =+H51*G51 -> 0 | K51: =+J51*G51 -> 0 | L51: =+H51+J51 -> 0 | M51: =L51*G51 -> 0
B52: 5.5.2 | C52: Proje ve detaylarına uygun saçaklar boyunca 2 mm kalınlığında boyalı galvaniz sac dere yapılması (sac açılımı 70 cm) | F52: mt | G52: 111.9 | I52: =+H52*G52 -> 0 | K52: =+J52*G52 -> 0 | L52: =+H52+J52 -> 0 | M52: =L52*G52 -> 0
A53: 07 42 43 | B53: 5.6 | C53: Harpuşta yapılması | I53: =SUM(I54) -> 0 | K53: =SUM(K54) -> 0 | M53: =SUM(M54) -> 0
B54: 5.6.1 | C54: Proje ve detaylarına uygun boyalı galvaniz sac harpuşta yapılması (sac açılımı 70 cm) | F54: mt | G54: 263.4 | I54: =+H54*G54 -> 0 | K54: =+J54*G54 -> 0 | L54: =+H54+J54 -> 0 | M54: =L54*G54 -> 0
B55: 5.7 | C55: Çatı işleri | I55: =SUM(I56:I61) -> 0 | K55: =SUM(K56:K61) -> 0 | M55: =SUM(M56:M61) -> 0
A56: 07 42 43 | B56: 5.7.1 | C56: Proje ve detaylarına uygun Alt yüzü; 0,70 mm kalınlıkta, 100 gr/m² galvanizli, 5 mikron astar üzeri 20 mikron son kat coil coating sistem ral 9002 Polyester boyalı, 5 hadveli, hadve yüksekliği 35 mm, hadve aks araları 250 mm, boyalı galvanizli DX51 kalite sac; üstünde 110 mm kalınlıkta 40 (± 2) kg/m³ yoğunluğunda kesintisiz poliizosiyanurat (PIR); Üst yüzü 1,20 mm kalınlıkta keçeli PVC Membran kaplı; 1000 mm faydalı eninde sandviç panel | F56: m² | G56: 2637.11 | I56: =+H56*G56 -> 0 | K56: =+J56*G56 -> 0 | L56: =+H56+J56 -> 0 | M56: =L56*G56 -> 0
B57: 5.7.2 | C57: Proje ve detaylarına uygun bina çatısında 2 mm kalınlığında galvaniz sac dere yapılması (sac açılımı 100 cm) | F57: mt | G57: 207.32 | I57: =+H57*G57 -> 0 | K57: =+J57*G57 -> 0 | L57: =+H57+J57 -> 0 | M57: =L57*G57 -> 0
B58: 5.7.3 | C58: Galvaniz sac dere içine 1.2mm su yalıtım membranı yapılması | F58: m² | G58: 310.98 | I58: =+H58*G58 -> 0 | K58: =+J58*G58 -> 0 | L58: =+H58+J58 -> 0 | M58: =L58*G58 -> 0
B59: 5.7.4 | C59: Çatı içi parapet yan yüzeylerinin ve galvaniz sac dere altının 11 cm kalınlığında sandviç panelle kaplanması | F59: m² | G59: 390.48 | I59: =+H59*G59 -> 0 | K59: =+J59*G59 -> 0 | L59: =+H59+J59 -> 0 | M59: =L59*G59 -> 0
B60: 5.7.5 | C60: Proje ve detaylarına uygun çelik gemici merdiveni yapılması (asma kat temizlik odasından çatıya çıkış için) | F60: ad | G60: 1 | I60: =+H60*G60 -> 0 | K60: =+J60*G60 -> 0 | L60: =+H60+J60 -> 0 | M60: =L60*G60 -> 0
B61: 5.7.6 | C61: Çatıya çıkan gemici merdiveni üzerine 100x100 cm boyutlarında alüminyum çatı kapağı yapılması | F61: ad | G61: 1 | I61: =+H61*G61 -> 0 | K61: =+J61*G61 -> 0 | L61: =+H61+J61 -> 0 | M61: =L61*G61 -> 0
B62: 5.8 | C62: Çelik korkuluk işleri | I62: =SUM(I63) -> 0 | K62: =SUM(K63) -> 0 | M62: =SUM(M63) -> 0
B63: 5.8.1 | C63: Bodrum kata inen cephe merdivenine ve asma kata çıkan çelik merdivene proje ve detaylarına uygun galvaniz üzeri elektrostatik toz boyalı korkuluk yapılması 10x50 mm lamalardan. Korkuluk H:110 cm | F63: mt | G63: 21.55 | I63: =+H63*G63 -> 0 | K63: =+J63*G63 -> 0 | L63: =+H63+J63 -> 0 | M63: =L63*G63 -> 0
B64: 6 | C64: İNCE İŞLER | I64: =+I65+I70+I76+I82+I88+I97+I100+I102+I105 -> 0 | K64: =+K65+K70+K76+K82+K88+K97+K100+K102+K105 -> 0 | M64: =+M65+M70+M76+M82+M88+M97+M100+M102+M105 -> 0
A65: 04 22 26 | B65: 6.1 | C65: Duvar İşleri | I65: =SUM(I66:I69) -> 0 | K65: =SUM(K66:K69) -> 0 | M65: =SUM(M66:M69) -> 0
B66: 6.1.1 | C66: GB-10_10 cm Gazbeton duvar | F66: m² | G66: 144.17 | I66: =+H66*G66 -> 0 | K66: =+J66*G66 -> 0 | L66: =+H66+J66 -> 0 | M66: =L66*G66 -> 0
B67: 6.1.2 | C67: GB-20_20 cm Gazbeton duvar | F67: m² | G67: 1868.82 | I67: =+H67*G67 -> 0 | K67: =+J67*G67 -> 0 | L67: =+H67+J67 -> 0 | M67: =L67*G67 -> 0
B68: 6.1.3 | C68: GB--25_25 cm Gazbeton duvar | F68: m² | G68: 213.73 | I68: =+H68*G68 -> 0 | K68: =+J68*G68 -> 0 | L68: =+H68+J68 -> 0 | M68: =L68*G68 -> 0
B69: 6.1.4 | C69: AP-6.25_ C Profil taşıyıcılı (50mm) Standart Alçıkarton Duvar Paneli (1.25cm) | F69: m² | G69: 21.5 | I69: =+H69*G69 -> 0 | K69: =+J69*G69 -> 0 | L69: =+H69+J69 -> 0 | M69: =L69*G69 -> 0
B70: 6.2 | C70: Sıva ve boya işleri (İç mekan ve teras duvarları) | I70: =SUM(I71:I75) -> 0 | K70: =SUM(K71:K75) -> 0 | M70: =SUM(M71:M75) -> 0
A71: 09 23 00 09 24 00 | B71: 6.2.1 | C71: Gazbeton duvarlar ve betonarme yüzeyler üzerine çimento esaslı hazır makina sıvası yapılması | F71: m² | G71: 6710.46 | I71: =+H71*G71 -> 0 | K71: =+J71*G71 -> 0 | L71: =+H71+J71 -> 0 | M71: =L71*G71 -> 0
A72: 09 91 00 | B72: 6.2.2 | C72: IDK1a_Sıvalı yüzeylere su bazlı mat boya yapılması (Sığınak, teknik alanlar, depolar) | F72: m² | G72: 3622.71 | I72: =+H72*G72 -> 0 | K72: =+J72*G72 -> 0 | L72: =+H72+J72 -> 0 | M72: =L72*G72 -> 0
A73: 09 91 00 | B73: 6.2.3 | C73: IDK1b_Sıvalı yüzeylere su bazlı ipek mat boya yapılması (Ofisler, ortak alanlar) | F73: m² | G73: 2229.1 | I73: =+H73*G73 -> 0 | K73: =+J73*G73 -> 0 | L73: =+H73+J73 -> 0 | M73: =L73*G73 -> 0
A74: 09 23 00 09 24 00 | B74: 6.2.4 | C74: İpek mat boya yapılacak yüzeylere alçı sıva yapılması | F74: m² | G74: 2229.1 | I74: =+H74*G74 -> 0 | K74: =+J74*G74 -> 0 | L74: =+H74+J74 -> 0 | M74: =L74*G74 -> 0
A75: 09 91 00 | B75: 6.2.5 | C75: Teras alanındaki taşyünü mantolama yüzeylere dokulu boya yapılması | F75: m² | G75: 34.32 | I75: =+H75*G75 -> 0 | K75: =+J75*G75 -> 0 | L75: =+H75+J75 -> 0 | M75: =L75*G75 -> 0
B76: 6.3 | C76: Duvar kaplama işleri | I76: =SUM(I77:I81) -> 0 | K76: =SUM(K77:K81) -> 0 | M76: =SUM(M77:M81) -> 0
A77: 07 21 13.19 | B77: 6.3.1 | C77: 10 cm kalınlığında taşyünü mantolama yapılması (asma kat teras duvarları) | F77: m² | G77: 34.32 | I77: =+H77*G77 -> 0 | K77: =+J77*G77 -> 0 | L77: =+H77+J77 -> 0 | M77: =L77*G77 -> 0
A78: 09 30 13 | B78: 6.3.2 | C78: IDK2a_30x30 cm boyutlarında Antibakteriyal seramik duvar kaplaması (derz dolgu malzemesi ve yapıştırıcı dahil gerekli tüm sarf malzemeleri) su depoları, mutfak , sığınak mutfak nişi | F78: m² | G78: 387.9 | I78: =+H78*G78 -> 0 | K78: =+J78*G78 -> 0 | L78: =+H78+J78 -> 0 | M78: =L78*G78 -> 0
A79: 09 30 13 | B79: 6.3.3 | C79: IDK2b_30x30 cm boyutlarında Endüstriyel seramik (derz dolgu malzemesi ve yapıştırıcı dahil gerekli tüm sarf malzemeleri) projesinde tanımlanan teknik mahaller | F79: m² | G79: 245.1 | I79: =+H79*G79 -> 0 | K79: =+J79*G79 -> 0 | L79: =+H79+J79 -> 0 | M79: =L79*G79 -> 0
A80: 09 30 13 | B80: 6.3.4 | C80: IDK2c_60x60 cm seramik duvar kaplaması (derz dolgu malzemesi ve yapıştırıcı dahil gerekli tüm sarf malzemeleri) sığınak wc'ler | F80: m² | G80: 99.6 | I80: =+H80*G80 -> 0 | K80: =+J80*G80 -> 0 | L80: =+H80+J80 -> 0 | M80: =L80*G80 -> 0
A81: 09 30 13 | B81: 6.3.5 | C81: IDK2d_60x60 cm seramik duvar kaplaması (derz dolgu malzemesi ve yapıştırıcı dahil gerekli tüm sarf malzemeleri) müşteri ve personel wc- duş | F81: m² | G81: 322.8 | I81: =+H81*G81 -> 0 | K81: =+J81*G81 -> 0 | L81: =+H81+J81 -> 0 | M81: =L81*G81 -> 0
B82: 6.3 | C82: Asma tavan ve tavan boya işleri | I82: =SUM(I83:I87) -> 0 | K82: =SUM(K83:K87) -> 0 | M82: =SUM(M83:M87) -> 0
A83: 09 91 00 | B83: 6.3.1 | C83: T1_Alçı sıva üzeri su bazlı mat tavan boyası yapılması (asma tavan yapılmayan tüm tavan alanları) | F83: m² | G83: 2851 | I83: =+H83*G83 -> 0 | K83: =+J83*G83 -> 0 | L83: =+H83+J83 -> 0 | M83: =L83*G83 -> 0
A84: 02 21 16 | B84: 6.3.2 | C84: T2_Standart alçılevha asma tavan yapılması | F84: m² | G84: 695.3 | I84: =+H84*G84 -> 0 | K84: =+J84*G84 -> 0 | L84: =+H84+J84 -> 0 | M84: =L84*G84 -> 0
A85: 02 21 16 | B85: 6.3.3 | C85: T3_Neme dayanımlı alçılevha asma tavan yapılması | F85: m² | G85: 125.5 | I85: =+H85*G85 -> 0 | K85: =+J85*G85 -> 0 | L85: =+H85+J85 -> 0 | M85: =L85*G85 -> 0
A86: 09 91 00 | B86: 6.3.4 | C86: Standart alçılevha asma tavan yüzeylere macun çekilerek su bazlı mat boya yapılması | F86: m² | G86: 695.3 | I86: =+H86*G86 -> 0 | K86: =+J86*G86 -> 0 | L86: =+H86+J86 -> 0 | M86: =L86*G86 -> 0
A87: 09 91 00 | B87: 6.3.5 | C87: Neme dayanımlı alçılevha asma tavan yüzeylere macun çekilerek neme dayanıklı boya yapılması | F87: m² | G87: 125.5 | I87: =+H87*G87 -> 0 | K87: =+J87*G87 -> 0 | L87: =+H87+J87 -> 0 | M87: =L87*G87 -> 0
B88: 6.4 | C88: Döşeme kaplamaları | I88: =SUM(I89:I96) -> 0 | K88: =SUM(K89:K96) -> 0 | M88: =SUM(M89:M96) -> 0
A89: 03 35 16 | B89: 6.4.1 | C89: Z1a-Yüzey sertleştirici-tozumaz beton yüzey uygulaması (şap üzeri) Sığınak, teknik odalar, depolar | F89: m² | G89: 407 | I89: =+H89*G89 -> 0 | K89: =+J89*G89 -> 0 | L89: =+H89+J89 -> 0 | M89: =L89*G89 -> 0
A90: 03 35 16 | B90: 6.4.2 | C90: Z1b-10 cm Dramix beton (yüzey sertleştirici-tozumaz beton yüzey uygulaması ile birlikte) Üretim alanları, ana depoa alanı ve üretim alanlarına açılan teknik odalar | F90: m² | G90: 2015 | I90: =+H90*G90 -> 0 | K90: =+J90*G90 -> 0 | L90: =+H90+J90 -> 0 | M90: =L90*G90 -> 0
A91: 09 30 13 | B91: 6.4.3 | C91: Z2-30x30 cm, beyaz antibakteriyal seramik kaplama yapılması (su depoları) derz dolgu malzemesi ve yapıştırıcı dahil gerekli tüm sarf malzemeleri | F91: m² | G91: 154.5 | I91: =+H91*G91 -> 0 | K91: =+J91*G91 -> 0 | L91: =+H91+J91 -> 0 | M91: =L91*G91 -> 0
A92: 09 30 13 | B92: 6.4.4 | C92: Z3-30X30 Endüstriyel seramik kaplama yapılması (teknik odalar, kanal içleri) derz dolgu malzemesi ve yapıştırıcı dahil gerekli tüm sarf malzemeleri | F92: m² | G92: 113.5 | I92: =+H92*G92 -> 0 | K92: =+J92*G92 -> 0 | L92: =+H92+J92 -> 0 | M92: =L92*G92 -> 0
A93: 09 30 13 | B93: 6.4.5 | C93: Z4a-60x60 cm porselen seramik (Wc-Duş,Personel Soyunma) derz dolgu malzemesi ve yapıştırıcı dahil gerekli tüm sarf malzemeleri | F93: m² | G93: 92.7 | I93: =+H93*G93 -> 0 | K93: =+J93*G93 -> 0 | L93: =+H93+J93 -> 0 | M93: =L93*G93 -> 0
A94: 09 30 13 | B94: 6.4.6 | C94: Z4b-60x60 cm porselen seramik (Ofisler, Ortak alanlar) derz dolgu malzemesi ve yapıştırıcı dahil gerekli tüm sarf malzemeleri | F94: m² | G94: 808.5 | I94: =+H94*G94 -> 0 | K94: =+J94*G94 -> 0 | L94: =+H94+J94 -> 0 | M94: =L94*G94 -> 0
A95: 09 65 00 | B95: 6.4.7 | C95: Z5-Antistatik vinil kaplama | F95: m² | G95: 85.6 | I95: =+H95*G95 -> 0 | K95: =+J95*G95 -> 0 | L95: =+H95+J95 -> 0 | M95: =L95*G95 -> 0
A96: 09 69 00-2 | B96: 6.4.8 | C96: AG Pano odası ve server odasına 40 cm yüksekliğinde yükseltilmiş döşeme yapılması | F96: m² | G96: 71.6 | I96: =+H96*G96 -> 0 | K96: =+J96*G96 -> 0 | L96: =+H96+J96 -> 0 | M96: =L96*G96 -> 0
B97: 6.5 | C97: Merdiven kaplamaları | I97: =SUM(I98:I99) -> 0 | K97: =SUM(K98:K99) -> 0 | M97: =SUM(M98:M99) -> 0
A98: 09 66 13 | B98: 6.5.1 | C98: Z6-60X60 cm boyutlarında 3 cm kalınlığında Prekast merdiven sahanlığı kaplaması yapılması (uygulama harcı dahil) | F98: m² | G98: 32.8 | I98: =+H98*G98 -> 0 | K98: =+J98*G98 -> 0 | L98: =+H98+J98 -> 0 | M98: =L98*G98 -> 0
A99: 09 66 13 | B99: 6.5.2 | C99: 3 cm kalınlığında 150 cm boyunda Prekast merdiven basamağı (uygulama harcı dahil) | F99: ad | G99: 72 | I99: =+H99*G99 -> 0 | K99: =+J99*G99 -> 0 | L99: =+H99+J99 -> 0 | M99: =L99*G99 -> 0
B100: 6.6 | C100: Şap uygulanması | I100: =SUM(I101) -> 0 | K100: =SUM(K101) -> 0 | M100: =SUM(M101) -> 0
...

Sheet İnşai işler SAHA
A1: SAHA İNŞAİ İŞLER | F1: KEŞİF | H1: MALZEME | J1: İŞÇİLİK | L1: Satış Br. Fiyat | M1: Satış Tutar
A2: Şartname No | B2: Poz No | C2: İmalatlar | F2: Birim | G2: Metraj | H2: Malzeme Br. Fiyat | I2: Malzeme Tutar | J2: İşçilik Br. Fiyat | K2: İşçilik Tutar
B3: 1 | C3: SERT PEYZAJ İŞLERİ | I3: =+I4+I8+I12+I17+I21 -> 0 | K3: =+K4+K8+K12+K17+K21 -> 0 | M3: =+M4+M8+M12+M17+M21 -> 0
B4: 1.1 | C4: Zemin Kaplamaları | I4: =SUM(I5:I7) -> 0 | K4: =SUM(K5:K7) -> 0 | M4: =SUM(M5:M7) -> 0
A5: 03 31 00 | B5: 1.1.1 | C5: P1-Yüzeyi taraklı beton kaplama yapılması (10cm tek kat hasır çelikli beton, bitiş kaplaması,derzli) | F5: m² | G5: 5986 | I5: =+H5*G5 -> 0 | K5: =+J5*G5 -> 0 | L5: =+H5+J5 -> 0 | M5: =L5*G5 -> 0
A6: 32 14 00 | B6: 1.1.2 | C6: P2-Bazalt plak taş kaplaması yapılması, 30x100x3cm, Kumlu/Fırçalı, yüzey kaymazlık işlemi ve 4cm harç dahil | F6: m² | G6: 605 | I6: =+H6*G6 -> 0 | K6: =+J6*G6 -> 0 | L6: =+H6+J6 -> 0 | M6: =L6*G6 -> 0
A7: 32 14 40 | B7: 1.1.3 | C7: P3-Bazalt merdiven basamak taşı ve rıht yapılması (basamak 33x100x3cm / rıht 17x100x2cm) Kumlu/Fırçalı, kenar pahlı, yüzey kaymazlık işlemi ve 4cm harç dahil | F7: mt | G7: 36 | I7: =+H7*G7 -> 0 | K7: =+J7*G7 -> 0 | L7: =+H7+J7 -> 0 | M7: =L7*G7 -> 0
B8: 1.2 | C8: Bordürler | I8: =SUM(I9:I11) -> 0 | K8: =SUM(K9:K11) -> 0 | M8: =SUM(M9:M11) -> 0
A9: 32 14 13 | B9: 1.2.1 | C9: B1-Beton bordür yapılması (10x20x50mm, Doğal Yüzey,Gri) | F9: mt | G9: 694 | I9: =+H9*G9 -> 0 | K9: =+J9*G9 -> 0 | L9: =+H9+J9 -> 0 | M9: =L9*G9 -> 0
A10: 32 14 13 | B10: 1.2.2 | C10: B2-Beton oluk taşı yapılması (en:20cmxboy:30cm,h:6cm Doğal Yüzey,Gri) | F10: mt | G10: 240 | I10: =+H10*G10 -> 0 | K10: =+J10*G10 -> 0 | L10: =+H10+J10 -> 0 | M10: =L10*G10 -> 0
A11: 32 14 13 | B11: 1.2.3 | C11: B3-Bazalt bordür yapılması (10x20x50mm, Doğal Yüzey,Gri) | F11: mt | G11: 275 | I11: =+H11*G11 -> 0 | K11: =+J11*G11 -> 0 | L11: =+H11+J11 -> 0 | M11: =L11*G11 -> 0
B12: 1.3 | C12: Sinyalizasyon | I12: =SUM(I13:I16) -> 0 | K12: =SUM(K13:K16) -> 0 | M12: =SUM(M13:M16) -> 0
A13: Sinyalizasyon İşleri | B13: 1.3.1 | C13: S1-Otopark çizgilerinin akrilik yol boyası ile 2mm kalınlığında 10cm genişliğinde projesine uygun olarak boyanması (engelli/şarjlı araç işaretlemesinin şablonlu boyanması dahil) | F13: mt | G13: 879 | I13: =+H13*G13 -> 0 | K13: =+J13*G13 -> 0 | L13: =+H13+J13 -> 0 | M13: =L13*G13 -> 0
A14: Sinyalizasyon İşleri | B14: 1.3.2 | C14: S2-Araç stoperi 150x15cm boyutlarında 60mm boru profilden beyaz elektrostatik toz boya ile boyanmış stopper temini ve montajının yapılması | F14: adet | G14: 12 | I14: =+H14*G14 -> 0 | K14: =+J14*G14 -> 0 | L14: =+H14+J14 -> 0 | M14: =L14*G14 -> 0
A15: Sinyalizasyon İşleri | B15: 1.3.3 | C15: S3-Otomatik bariyer yapılması (Araç giriş&çıkışında, Renk: Standard, Ölçü: 7m uzunluğunda) | F15: adet | G15: 2 | I15: =+H15*G15 -> 0 | K15: =+J15*G15 -> 0 | L15: =+H15+J15 -> 0 | M15: =L15*G15 -> 0
A16: Sinyalizasyon İşleri | B16: 1.3.4 | C16: S4-Otomatik sürgülü metal kapı temin edilmesi ve tüm montaj işlerinin yapılması (Araç giriş&çıkışında, Renk: Gri, Ölçü: 15m ve 5m açıklık için gereken ölçüde / h:150cm olmak üzere 2 adet) | F16: set | G16: 1 | I16: =+H16*G16 -> 0 | K16: =+J16*G16 -> 0 | L16: =+H16+J16 -> 0 | M16: =L16*G16 -> 0
B17: 1.4 | C17: Metal İşleri | I17: =SUM(I18:I20) -> 0 | K17: =SUM(K18:K20) -> 0 | M17: =SUM(M18:M20) -> 0
A18: Dekoratif Metal İşleri | B18: 1.4.1 | C18: M1-Galvaniz metal 3mm h:25cm detaya uygun boyalı levha imal edilmesi ve zeminden h:15cm olacak şekilde yeşil alan sınırına montajının yapılması (bağlantı için gerekli her türlü çelik konstrüksiyon, tüm aksesuar ve ankraj dahildir) | F18: mt | G18: 27 | I18: =+H18*G18 -> 0 | K18: =+J18*G18 -> 0 | L18: =+H18+J18 -> 0 | M18: =L18*G18 -> 0
A19: Dekoratif Metal İşleri | B19: 1.4.2 | C19: M2-Galvaniz boyalı çelik metal ızgara temin edilmesi ve montajının yapılması, bağlantı için gerekli her türlü çelik konstrüksiyon, tüm aksesuar ve ankraj dahildir (yürüme yolundaki mekanik kuranglezlerin üzerinde70x140cm ve 100x240cm ebatlarında 2 adet) | F19: m² | G19: 4 | I19: =+H19*G19 -> 0 | K19: =+J19*G19 -> 0 | L19: =+H19+J19 -> 0 | M19: =L19*G19 -> 0
A20: 32 31 10 | B20: 1.4.3 | C20: M3-Çevre çiti yapılması (çevre duvarı üzerine kutu profil dikmeli, h:1.00mt yüksekliğinde, renk RAL7039 gri, proje detayına uygun çit yapılması) | F20: mt | G20: 275 | I20: =+H20*G20 -> 0 | K20: =+J20*G20 -> 0 | L20: =+H20+J20 -> 0 | M20: =L20*G20 -> 0
B21: 1.5 | C21: Boya İşleri | I21: =SUM(I22) -> 0 | K21: =SUM(K22) -> 0 | M21: =SUM(M22) -> 0
A22: 09 91 00 | B22: 1.5.1 | C22: D1-Dış cephe boyası yapılması, yüzeyi dokulu (çevre duvarının betonarme yüzeylerine, renk projesine göre) | F22: m² | G22: 374 | I22: =+H22*G22 -> 0 | K22: =+J22*G22 -> 0 | L22: =+H22+J22 -> 0 | M22: =L22*G22 -> 0
B23: 2 | C23: DIŞ SAHA KAPLAMA ALTI İMALATLAR | I23: =SUM(I24:I26) -> 0 | K23: =SUM(K24:K26) -> 0 | M23: =SUM(M24:M26) -> 0
A24: 03 31 00 | B24: 2.1 | C24: Döşeme betonu yapılması (20cm çift kat hasır çelikli beton) - Araç Yolu & Otopark | F24: m² | G24: 5873 | I24: =+H24*G24 -> 0 | K24: =+J24*G24 -> 0 | L24: =+H24+J24 -> 0 | M24: =L24*G24 -> 0
A25: 03 31 00 | B25: 2.2 | C25: Döşeme betonu yapılması (10cm tek kat hasır çelikli beton) - Kaldırım & Yürüme Yolu | F25: m² | G25: 710 | I25: =+H25*G25 -> 0 | K25: =+J25*G25 -> 0 | L25: =+H25+J25 -> 0 | M25: =L25*G25 -> 0
A26: 03 31 00 | B26: 2.3 | C26: Polietilen örtü (200 μ) serilmesi (zemine oturan döşeme betonu altında) | F26: m² | G26: 6583 | I26: =+H26*G26 -> 0 | K26: =+J26*G26 -> 0 | L26: =+H26+J26 -> 0 | M26: =L26*G26 -> 0
B27: 3 | C27: ÇEVRE DUVARI İŞLERİ | I27: =SUM(I28:I29) -> 0 | K27: =SUM(K28:K29) -> 0 | M27: =SUM(M28:M29) -> 0
A28: 03 31 00 | B28: 3.1 | C28: Çevre duvarının betonarme imalatları İnşaii İşler Keşfi kapsamında fiyatlandırılacaktır. | I28: =+H28*G28 -> 0 | K28: =+J28*G28 -> 0 | L28: =+H28+J28 -> 0 | M28: =L28*G28 -> 0
A29: 05 12 00 | B29: 3.2 | C29: Çevre duvarının boyası 1.5.1 pozunda ve çit imalatları 1.4.3 pozunda fiyatlandırılacaktır. | I29: =+H29*G29 -> 0 | K29: =+J29*G29 -> 0 | L29: =+H29+J29 -> 0 | M29: =L29*G29 -> 0
B30: 4 | C30: SULAMA SİSTEM (İşçilik, malzeme, ekipman, nakliye ve tüm gerekli hizmetler dahildir.) | I30: =SUM(I31:I31) -> 0 | K30: =SUM(K31:K31) -> 0 | M30: =SUM(M31:M31) -> 0
B31: 4.1 | C31: Yeşil alanlar için bitkilendirme projesi ve sulama altyapısı bilgileri verilmiş olan 1.500m² yeşil alana uygun otomatik sulama sistemi projelendirme ve imalatının yapılması (İş için gerekli sistem gereksinimleri Yüklenici tarafından hesaplanıp bu kapsama dahil edilecektir.) Otomatik sulama sisteminin pilli kontrol üniteleri ile kumanda edilmesi, ağaç-çalı alanlarının damlama hattından, çim alanların sprinkler sulama yöntemiyle sulanması öngörülmüştür. Bahçede bırakılan altyapıdan beslenip sahada gerekli çıkış noktalarına yerleştirilen vana grupları ile dağıtımı sağlanacaktır. Vana grupları, sprinkler açıları, cansuyu vanası ve bunun gibi sistem gereksinimlerinin ölçü, adet ve yerleşimleri Yüklenici tarafından hesaplanıp projelendirilecektir. | F31: SET | G31: 1 | I31: =+H31*G31 -> 0 | K31: =+J31*G31 -> 0 | L31: =+H31+J31 -> 0 | M31: =L31*G31 -> 0
B32: 5 | C32: BİTKİLENDİRME İŞLERİ | I32: =+I33+I37+I42 -> 0 | K32: =+K33+K37+K42 -> 0 | M32: =+M33+M37+M42 -> 0
B33: 5.1 | C33: Ağaçlar (Tüm ağaçlarda fidan kazığı-herek ve ağaç bağı ile sabitleme yapılması dahildir.) | I33: =SUM(I34:I36) -> 0 | K33: =SUM(K34:K36) -> 0 | M33: =SUM(M34:M36) -> 0
A34: 32 93 00 | B34: 5.1.1 | C34: Acer platanoides / Çınar Yapraklı Akçaağaç, Ø20-25, Boy:350-400cm, CLT50 | F34: adet | G34: 12 | I34: =+H34*G34 -> 0 | K34: =+J34*G34 -> 0 | L34: =+H34+J34 -> 0 | M34: =L34*G34 -> 0
A35: 32 93 00 | B35: 5.1.2 | C35: Betula alba / Huş Ağacı, Ø20-25, Boy:350-400cm, CLT50 | F35: adet | G35: 2 | I35: =+H35*G35 -> 0 | K35: =+J35*G35 -> 0 | L35: =+H35+J35 -> 0 | M35: =L35*G35 -> 0
A36: 32 93 00 | B36: 5.1.3 | C36: Ligustrum japonicum / Kurtbağrı (tijli olursa formu hacimli ve dalların dağılımı düzgün olanı veya alttan dalı çok gövdeli olanı seçilmelidir) Ø20-25, Boy:350-400cm, CLT50 | F36: adet | G36: 4 | I36: =+H36*G36 -> 0 | K36: =+J36*G36 -> 0 | L36: =+H36+J36 -> 0 | M36: =L36*G36 -> 0
B37: 5.2 | C37: Çalılar & Çim | I37: =SUM(I38:I41) -> 0 | K37: =SUM(K38:K41) -> 0 | M37: =SUM(M38:M41) -> 0
A38: 32 93 00 | B38: 5.2.1 | C38: Abelia grandiflora / Güzellik çalısı, Boy:30-40cm, CLT5 | F38: adet | G38: 324 | I38: =+H38*G38 -> 0 | K38: =+J38*G38 -> 0 | L38: =+H38+J38 -> 0 | M38: =L38*G38 -> 0
A39: 32 93 00 | B39: 5.2.2 | C39: Pittosporum tobira "Nana" / Pitos çalısı, Boy:30-40cm, CLT5 | F39: adet | G39: 360 | I39: =+H39*G39 -> 0 | K39: =+J39*G39 -> 0 | L39: =+H39+J39 -> 0 | M39: =L39*G39 -> 0
A40: 32 93 00 | B40: 5.2.3 | C40: Viburnum lucidum / Kartopu çalısı, Boy:80-100cm, CLT5 | F40: adet | G40: 410 | I40: =+H40*G40 -> 0 | K40: =+J40*G40 -> 0 | L40: =+H40+J40 -> 0 | M40: =L40*G40 -> 0
A41: 32 93 00 | B41: 5.2.4 | C41: Hazır rulo çim serilmesi (%40 Festuca alta merida, %40 Festuca alta firaces, %10 Lolium perenne ringles, %10 Poa pratensis blue chip) | F41: m² | G41: 849 | I41: =+H41*G41 -> 0 | K41: =+J41*G41 -> 0 | L41: =+H41+J41 -> 0 | M41: =L41*G41 -> 0
B42: 5.3 | C42: Toprak İşleri | I42: =SUM(I43:I44) -> 0 | K42: =SUM(K43:K44) -> 0 | M42: =SUM(M43:M44) -> 0
B43: 5.3.1 | C43: Nebati toprak serilmesi (%50 Elenmiş bitkisel toprak, %30 Mil, %15 Torf, %5 Gübre-Organik Madde) (h:40cm) | F43: m³ | G43: 600 | I43: =+H43*G43 -> 0 | K43: =+J43*G43 -> 0 | L43: =+H43+J43 -> 0 | M43: =L43*G43 -> 0
B44: 5.3.2 | C44: Dikim harcı (%30 Elenmiş nebati toprak, %20 Torf, %20 Mil, %20 Kula cürufu, %10 Humus)-h:80cm ağaçlar için 18ad ağaç x 0.512 (0,8x0,8) =9m³) | F44: m³ | G44: 9 | I44: =+H44*G44 -> 0 | K44: =+J44*G44 -> 0 | L44: =+H44+J44 -> 0 | M44: =L44*G44 -> 0
F46: 1 | G46: =+C3 -> SERT PEYZAJ İŞLERİ | J46: MALZEME | L46: =+I3 -> 0
J47: İŞÇİLİK | L47: =+K3 -> 0
J48: TOPLAM FİYAT (KDV'siz) | L48: =+L46+L47 -> 0
F49: 2 | G49: =+C23 -> DIŞ SAHA KAPLAMA ALTI İMALATLAR | J49: MALZEME | L49: =+I23 -> 0
J50: İŞÇİLİK | L50: =+K23 -> 0
J51: TOPLAM FİYAT (KDV'siz) | L51: =+L49+L50 -> 0
F52: 3 | G52: =+C27 -> ÇEVRE DUVARI İŞLERİ | J52: MALZEME | L52: =+I27 -> 0
J53: İŞÇİLİK | L53: =+K27 -> 0
J54: TOPLAM FİYAT (KDV'siz) | L54: =+L52+L53 -> 0
F55: 4 | G55: SULAMA SİSTEM | J55: MALZEME | L55: =+I30 -> 0
J56: İŞÇİLİK | L56: =+K30 -> 0
J57: TOPLAM FİYAT (KDV'siz) | L57: =+L55+L56 -> 0
F58: 5 | G58: =+C32 -> BİTKİLENDİRME İŞLERİ | J58: MALZEME | L58: =+I32 -> 0
J59: İŞÇİLİK | L59: =+K32 -> 0
J60: TOPLAM FİYAT (KDV'siz) | L60: =+L58+L59 -> 0
F61: GENEL TOPLAM | J61: MALZEME | L61: =+L46+L49+L52+L55+L58 -> 0
J62: İŞÇİLİK | L62: =+L47+L50+L53+L56+L59 -> 0
J63: TOPLAM FİYAT (KDV'siz) | L63: =+L61+L62 -> 0

Sheet Mekanik
A1: MEKANİK İŞLER | F1: KEŞİF | H1: MALZEME | J1: İŞÇİLİK | L1: Satış Br. Fiyat | M1: Satış Tutar
A2: Şartname No | B2: Poz No | C2: İmalatlar | E2: Marka Listesi | F2: Birim | G2: Metraj | H2: Malzeme Br. Fiyat | I2: Malzeme Tutar | J2: İşçilik Br. Fiyat | K2: İşçilik Tutar
B3: H | C3: HVAC TESİSATI | I3: =+I4+I47+I60+I176+I184+I203+I210+I212+I221+I228+I234+I242+I244+I246+I248+I250+I252++I254+I256 -> 9276879.1 | K3: =+K4+K47+K60+K176+K184+K203+K210+K212+K221+K228+K234+K242+K244+K246+K248+K250+K252++K254+K256 -> 2802807.2 | M3: =+M4+M47+M60+M176+M184+M203+M210+M212+M221+M228+M234+M242+M244+M246+M248+M250+M252++M254+M256 -> 12079686
B4: H-01 | C4: FANLAR | E4: SYSTEMAIR-AFS-ATC | I4: =SUM(I5:I46) -> 1027379 | K4: =SUM(K5:K46) -> 55124 | M4: =SUM(M5:M46) -> 1082503
C5: Cihaz Kodu: SF-01/B1 | F5: adet | G5: 1 | H5: 192244.5 | I5: =+H5*G5 -> 192244.5 | J5: 5890.5 | K5: =+J5*G5 -> 5890.5 | L5: =+H5+J5 -> 198135 | M5: =+L5*G5 -> 198135
C6: Tip :Kanal Tipİ Taze Hava Fanı
C7: Hizmet Alanı : SIĞINAK
C8: Hava Debisi (m3/h): 1000
C9: Dış Statik Basınç(Pa): 300
C10: G4 FİLTRE | F10: adet | G10: 1 | H10: 3250 | I10: =+H10*G10 -> 3250 | J10: 1250 | K10: =+J10*G10 -> 1250 | L10: =+J10+H10 -> 4500 | M10: =+L10*G10 -> 4500
C11: RADYOAKTİF FILTRE | F11: adet | G11: 1 | H11: 7500 | I11: =+H11*G11 -> 7500 | J11: 1250 | K11: =+J11*G11 -> 1250 | L11: =+J11+H11 -> 8750 | M11: =+L11*G11 -> 8750
C12: A.KARBON FILTRE | F12: adet | G12: 1 | H12: 115000 | I12: =+H12*G12 -> 115000 | J12: 5500 | K12: =+J12*G12 -> 5500 | L12: =+J12+H12 -> 120500 | M12: =+L12*G12 -> 120500
C13: Cihaz Kodu: EF-01/B1 | F13: adet | G13: 1 | H13: 28611 | I13: =+H13*G13 -> 28611 | J13: 5890.5 | K13: =+J13*G13 -> 5890.5 | L13: =+H13+J13 -> 34501.5 | M13: =+L13*G13 -> 34501.5
C14: Tip :Kanal Tipİ Aksiyal Egzoz Fan
C15: Hava Debisi (m3/h): 1000
C16: Dış Statik Basınç(Pa): 150
C17: Cihaz Kodu: EF-02/B1 | F17: adet | G17: 1 | H17: 79713 | I17: =+H17*G17 -> 79713 | J17: 5890.5 | K17: =+J17*G17 -> 5890.5 | L17: =+H17+J17 -> 85603.5 | M17: =+L17*G17 -> 85603.5
C18: Ekipman Yeri :POMPA ODASI
C19: Hava Debisi (m3/h): 2000
C20: Dış Statik Basınç(Pa): 200
C21: Tip :Kanal Tipİ Aksiyal Egzoz Fan
C22: E.B: 1,50 kW /3/380/50
C23: Cihaz Kodu: EF-01/GF (EXPROOF) | F23: adet | G23: 1 | H23: 121711.5 | I23: =+H23*G23 -> 121711.5 | J23: 5890.5 | K23: =+J23*G23 -> 5890.5 | L23: =+H23+J23 -> 127602 | M23: =+L23*G23 -> 127602
C24: Ekipman Yeri :DEPO
C25: Hava Debisi (m3/h): 1500
C26: Dış Statik Basınç(Pa): 200
C27: Tip :Kanal Tipİ Egzoz Fan
C28: Cihaz Kodu: EF-02/GF | F28: adet | G28: 1 | H28: 116280 | I28: =+H28*G28 -> 116280 | J28: 5890.5 | K28: =+J28*G28 -> 5890.5 | L28: =+H28+J28 -> 122170.5 | M28: =+L28*G28 -> 122170.5
C29: Ekipman Yeri :Elektrik-Eloktronik Oda
C30: Hava Debisi (m3/h): 3500
C31: Dış Statik Basınç(Pa): 200
C32: Tip :Kanal Tipİ Egzoz Fan
C33: Cihaz Kodu: EF-03/GF | F33: adet | G33: 1 | H33: 162103.5 | I33: =+H33*G33 -> 162103.5 | J33: 5890.5 | K33: =+J33*G33 -> 5890.5 | L33: =+H33+J33 -> 167994 | M33: =+L33*G33 -> 167994
C34: Hava Debisi (m3/h): 12000
C35: Dış Statik Basınç(Pa): 300
C36: Tip :Kanal Tipİ Aksiyal Egzoz Fan
C37: Cihaz Kodu: KEF-01/RF | F37: adet | G37: 1 | H37: 117121.5 | I37: =+H37*G37 -> 117121.5 | J37: 5890.5 | K37: =+J37*G37 -> 5890.5 | L37: =+H37+J37 -> 123012 | M37: =+L37*G37 -> 123012
C38: Ekipman Yeri :ÇATI
C39: Hava Debisi (m3/h): 3000
C40: Dış Statik Basınç(Pa): 250
C41: Tip :Çatı Tipi Davlumbaz Egzoz Fanı
C42: Cihaz Kodu: EF-01/RF | F42: adet | G42: 1 | H42: 83844 | I42: =+H42*G42 -> 83844 | J42: 5890.5 | K42: =+J42*G42 -> 5890.5 | L42: =+H42+J42 -> 89734.5 | M42: =+L42*G42 -> 89734.5
C43: Ekipman Yeri :ÇATI
C44: Hava Debisi (m3/h): 2400
C45: Dış Statik Basınç(Pa): 250
C46: Tip :Çatı Tipi Egzoz Fanı
B47: H-02 | C47: ISI GERİ KAZANIMLI TAZE HAVA CİHAZI 100% taze havalı, plakalı tip ısı geri kazanımlı,entegre elektrikli ısıtıcılı, | E47: ENEKO-DAİKIN-TOSHİBA- SYSTEM AİR HSK | I47: =SUM(I48:I59) -> 646616.25 | K47: =SUM(K48:K59) -> 35037 | M47: =SUM(M48:M59) -> 681653.25
C48: Cihaz No. : IGK-01/ZK | F48: adet | G48: 1 | H48: 323308.12 | I48: =+H48*G48 -> 323308.12 | J48: 17518.5 | K48: =+J48*G48 -> 17518.5 | L48: =+H48+J48 -> 340826.62 | M48: =+L48*G48 -> 340826.62
C49: Üfleme Hava Debisi (m³/h): 2000
C50: Dönüş Hava Debisi (m³/h): 1000
C51: Üfleme Tarafı Dış Statik Basınç (Pa): 200
C52: Dönüş Tarafı Dış Statik Basınç (Pa): 200
C53: 5 KW daihili elektrik ısıtıcılı
C54: Cihaz No. : IGK-01/AK | F54: adet | G54: 1 | H54: 323308.12 | I54: =+H54*G54 -> 323308.12 | J54: 17518.5 | K54: =+J54*G54 -> 17518.5 | L54: =+H54+J54 -> 340826.62 | M54: =+L54*G54 -> 340826.62
C55: Üfleme Hava Debisi (m³/h): 2000
C56: Dönüş Hava Debisi (m³/h): 2000
C57: Üfleme Tarafı Dış Statik Basınç (Pa): 200
C58: Dönüş Tarafı Dış Statik Basınç (Pa): 200
C59: 5 KW daihili elektrik ısıtıcılı
B60: H-03 | C60: DEĞİŞKEN SOĞUTUCU AKIŞKAN DEBİLİ KLİMA SİSTEMİ | E60: DAIKIN-M.ELECTRIC-TOSHİBA-SYSTEMAİR HSK | I60: =SUM(I61:I175) -> 3403328.4 | K60: =SUM(K61:K175) -> 1512154 | M60: =SUM(M61:M175) -> 4915482.4
C61: VRV DIŞ ÜNİTE | F61: adet | G61: 1 | H61: 454476 | I61: =+H61*G61 -> 454476 | J61: 181830 | K61: =+J61*G61 -> 181830 | L61: =+H61+J61 -> 636306 | M61: =+L61*G61 -> 636306
C62: DIŞ ÜNİTE ÜNİTE NO: DU-01/ÇK
C63: DIŞ ÜNİTE SOĞUTMA YÜKÜ: 54.0 KW
C64: DIŞ ÜNİTENİN HİTAP ETTİĞİ CİHAZ NO: VRV-1….10/AK
C65: Eb:18,0 kw/380/3/50
C66: VRV DIŞ ÜNİTE | F66: adet | G66: 1 | H66: 350658 | I66: =+H66*G66 -> 350658 | J66: 140250 | K66: =+J66*G66 -> 140250 | L66: =+H66+J66 -> 490908 | M66: =+L66*G66 -> 490908
C67: DIŞ ÜNİTE ÜNİTE NO: DU-02/ÇK
C68: DIŞ ÜNİTE SOĞUTMA YÜKÜ: 42.0 KW
C69: DIŞ ÜNİTENİN HİTAP ETTİĞİ CİHAZ NO: VRV-1….10/ZK
C70: Eb:15,0 kw/380/3/50
C71: VRV DIŞ ÜNİTE | F71: adet | G71: 1 | H71: 127908 | I71: =+H71*G71 -> 127908 | J71: 51150 | K71: =+J71*G71 -> 51150 | L71: =+H71+J71 -> 179058 | M71: =+L71*G71 -> 179058
C72: DIŞ ÜNİTE ÜNİTE NO: DU-06/GF
C73: DIŞ ÜNİTE SOĞUTMA YÜKÜ: 12.0 KW
C74: DIŞ ÜNİTENİN HİTAP ETTİĞİ CİHAZ NO:VRV-11-12-13/ZK
C75: Eb:5,0 kw/380/3/50
C76: VRV DIŞ ÜNİTE | F76: adet | G76: 1 | H76: 134534.4 | I76: =+H76*G76 -> 134534.4 | J76: 53790 | K76: =+J76*G76 -> 53790 | L76: =+H76+J76 -> 188324.4 | M76: =+L76*G76 -> 188324.4
C77: DIŞ ÜNİTE ÜNİTE NO: DU-03/GF
C78: DIŞ ÜNİTE SOĞUTMA YÜKÜ: 14.0 KW
C79: DIŞ ÜNİTENİN HİTAP ETTİĞİ CİHAZ NO:THF-01/AK
C80: Eb:5,0 kw/380/3/50
C81: Cihaz Kodu: THF-01/AK | F81: adet | G81: 1 | H81: 140346.36 | I81: =+H81*G81 -> 140346.36 | J81: 56166 | K81: =+J81*G81 -> 56166 | L81: =+H81+J81 -> 196512.36 | M81: =+L81*G81 -> 196512.36
C82: Ekipman Yeri :TERAS
C83: Hava Debisi (m3/h): 2000
C84: Dış Statik Basınç(Pa): 180
C85: Tip : Kanal Tipi Taze Hava Fanı ( DX BATARYALI )
C86: VRV İÇ ÜNİTE NO:VRV-01/ZK - Tavan Tipi Kasetli | F86: adet | G86: 1 | H86: 47140.5 | I86: =+H86*G86 -> 47140.5 | J86: 18876 | K86: =+J86*G86 -> 18876 | L86: =+H86+J86 -> 66016.5 | M86: =+L86*G86 -> 66016.5
C87: Qc=7.0kW
C88: Eb:0,073kw/220/1/50
C89: VRV İÇ ÜNİTE NO:VRV-02/ZK - Tavan Tipi Kasetli | F89: adet | G89: 1 | H89: 42108 | I89: =+H89*G89 -> 42108 | J89: 16830 | K89: =+J89*G89 -> 16830 | L89: =+H89+J89 -> 58938 | M89: =+L89*G89 -> 58938
C90: Qc=5.50kW
C91: Eb:0,073kw/220/1/50
C92: VRV İÇ ÜNİTE NO:VRV-03/ZK - Tavan Tipi Kasetli | F92: adet | G92: 1 | H92: 47140.5 | I92: =+H92*G92 -> 47140.5 | J92: 18876 | K92: =+J92*G92 -> 18876 | L92: =+H92+J92 -> 66016.5 | M92: =+L92*G92 -> 66016.5
C93: Qc=7.0kW
C94: Eb:0,073kw/220/1/50
C95: VRV İÇ ÜNİTE NO:VRV-04/ZK - Tavan Tipi Kasetli | F95: adet | G95: 1 | H95: 35904 | I95: =+H95*G95 -> 35904 | J95: 14388 | K95: =+J95*G95 -> 14388 | L95: =+H95+J95 -> 50292 | M95: =+L95*G95 -> 50292
C96: Qc=2.2kW
C97: Eb:0,073kw/220/1/50
C98: VRV İÇ ÜNİTE NO:VRV-05/ZK - Tavan Tipi Kasetli | F98: adet | G98: 1 | H98: 40075.2 | I98: =+H98*G98 -> 40075.2 | J98: 16038 | K98: =+J98*G98 -> 16038 | L98: =+H98+J98 -> 56113.2 | M98: =+L98*G98 -> 56113.2
C99: Qc=4,5kW
C100: Eb:0,073kw/220/1/50
...

Sheet Elektrik
A1: ELEKTRİK İŞLERİ | G1: KAPSAM | I1: KEŞİF | AP1: MALZEME | AR1: İŞÇİLİK | AT1: Satış Br. Fiyat | AU1: Satış Tutar
I2: Birim | J2: MİKTAR | AO2: TOPLAM
A3: Şartname No | B3: Poz No | C3: İmalatlar | E3: Açıklama | F3: Marka Listesi | G3: TEMİN | H3: MONTAJ | J3: BİNA İÇİ | M3: BEKÇİ KULÜBESİ | N3: VAZİYET PLANI | O3: ADP | P3: KOMP | Q3: TR | R3: SP | S3: MCC-K | T3: MCC-P | U3: AP-B | V3: AP-Z | W3: AT-1 | X3: AT-2 | Y3: PYP | Z3: GP | AA3: MP | AB3: AP-A | AC3: ASP | AD3: BP | AE3: EAS-1 | AF3: EAS-2 | AG3: UADP | AH3: UP-Z | AI3: UP-1 | AJ3: UP-2 | AK3: GUP | AL3: UP-A | AM3: UP-S | AN3: UP-BK
J4: BODRUM KAT | K4: ZEMİN KAT | L4: ASNA KAT | AP4: Malzeme Br. Fiyat | AQ4: Malzeme Tutar | AR4: İşçilik Br. Fiyat | AS4: İşçilik Tutar
C5: ALÇAK GERİLİM SİSTEMLERİ | AQ5: =+AQ6+AQ8+AQ10+AQ37+AQ43+AQ57+AQ201+AQ238+AQ277+AQ314+AQ347+AQ412+AQ443 -> 0 | AS5: =+AS6+AS8+AS10+AS37+AS43+AS57+AS201+AS238+AS277+AS314+AS347+AS412+AS443 -> 0 | AU5: =+AU6+AU8+AU10+AU37+AU43+AU57+AU201+AU238+AU277+AU314+AU347+AU412+AU443 -> 0
B6: 1 | C6: JENERATÖRLER | AQ6: =SUM(AQ7) -> 0 | AS6: =SUM(AS7) -> 0 | AU6: =SUM(AU7) -> 0
C7: 550 kVA Stand-By Jeneratör (Min. 8 saat kapasiteli günlük yakıt tankı ve en az 15cm yükseklikte taşma tepsisi dahil) | E7: Jeneratör, ana ve günlük yakıt tanklarının temini ve montajı İşveren kapsamındadır | G7: İŞVEREN | H7: YÜKLENİCİ | I7: adet | N7: 1 | AO7: =SUM(J7:AN7) -> 1 | AQ7: =+AP7*AO7 -> 0 | AS7: =+AR7*AO7 -> 0 | AT7: =+AP7+AR7 -> 0 | AU7: =+AT7*AO7 -> 0
B8: 2 | C8: UPS (KGS - KESİNTİSİZ GÜÇ KAYNAĞI) | AQ8: =SUM(AQ9) -> 0 | AS8: =SUM(AS9) -> 0 | AU8: =SUM(AU9) -> 0
C9: 20 kVA - 380/380V UPS, 10 dk. süreli, bakımsız akü grubu ve bağlantılar | E9: UPS ve akü kabininin temini ve montajı İşveren kapsamındadır | F9: SOCOMEC/EATON/ VERTİV/ABB | G9: İŞVEREN / YÜKLENİCİ | H9: YÜKLENİCİ | I9: adet | K9: 1 | AO9: =SUM(J9:AN9) -> 1 | AQ9: =+AP9*AO9 -> 0 | AS9: =+AR9*AO9 -> 0 | AT9: =+AP9+AR9 -> 0 | AU9: =+AT9*AO9 -> 0
B10: 3 | C10: AG PANOLARI - Şalt malzemeleri, ölçü aletleri, sinyal lambaları, parafudrlar, aydınlatma otomasyon üniteleri ve her türlü aksesuar, proje cebi, montaj, sarf malzemesi, havalandırma fanları, menfezleri, fabrika ve sahada montaj sonrası testleri ve devreye alma çalışmaları dahil, çalışır vaziyette teslim edilmesi - Tüm (Açık tip, Termik Manyetik, Manyetik vb) şalterler, pako şalterler, yük ayırıcılar ve otomatik transfer şalterleri askı kilit ile kilitlenebilir özellikte olacaktır. - İşveren tarafından temin edilmesi durumunda, frekans Konvertörleri vb ekipmanların panoya montajı, panoda gerekli havalandırma önlemlerinin alınması, her türlü bağlantısı ve çalışır vaziyette teslimi pano birim fiyatına dahildir - Ana dağıtım panolarında pano üzeri mimik diyagram (bara ve giriş-çıkış şalterleri), pano üzeri ve oda içinde uyarı ve açıklama yazıları, tehlike işaretleri pano birim fiyatına dahildir | AQ10: =SUM(AQ11:AQ36) -> 0 | AS10: =SUM(AS11:AS36) -> 0 | AU10: =SUM(AU11:AU36) -> 0
B11: 3.1.1 | C11: ADP | E11: AG PANOLARI - Dikili tip panolarda kabloların alttan girişi için 20cm yükseklikte kaide pano birim fiyatına dahildir (kablo giriş çıkışları alttan yapılacaktır) - yükseltilmiş döşeme ve yükseltilmiş döşeme kotunda kaide yapılması İNŞAİ işler kapsamındadır. | F11: AC GÖVDE : EAE, ETİS, CUBERA, ÖZKAN, PANELSİS, (ISO BELGELİ YEREL) ŞALT : SIEMENS, SCHNEIDER, ABB, EATON | G11: İŞVEREN | H11: YÜKLENİCİ | I11: ad. | O11: 1 | AO11: =SUM(J11:AN11) -> 1 | AQ11: =+AP11*AO11 -> 0 | AS11: =+AR11*AO11 -> 0 | AT11: =+AR11+AP11 -> 0 | AU11: =+AT11*AO11 -> 0
B12: 3.1.2 | C12: KOMP (BİNA AG ODASINDA) - Enerji temin projesi ile pano şeması kesinleşecektir - İşverenden bilgi alınacak | I12: ad. | P12: 1 | AO12: =SUM(J12:AN12) -> 1 | AQ12: =+AP12*AO12 -> 0 | AS12: =+AR12*AO12 -> 0 | AT12: =+AR12+AP12 -> 0 | AU12: =+AT12*AO12 -> 0
B13: 3.1.3 | C13: TR (TRAFO KÖŞKÜNDE) - Enerji temin projesi ile pano şeması kesinleşecektir - İşverenden bilgi alınacak | I13: ad. | Q13: 1 | AO13: =SUM(J13:AN13) -> 1 | AQ13: =+AP13*AO13 -> 0 | AS13: =+AR13*AO13 -> 0 | AT13: =+AR13+AP13 -> 0 | AU13: =+AT13*AO13 -> 0
B14: 3.1.4 | C14: SP | I14: ad. | R14: 1 | AO14: =SUM(J14:AN14) -> 1 | AQ14: =+AP14*AO14 -> 0 | AS14: =+AR14*AO14 -> 0 | AT14: =+AR14+AP14 -> 0 | AU14: =+AT14*AO14 -> 0
B15: 3.1.5 | C15: MCC-K | I15: ad. | S15: 1 | AO15: =SUM(J15:AN15) -> 1 | AQ15: =+AP15*AO15 -> 0 | AS15: =+AR15*AO15 -> 0 | AT15: =+AR15+AP15 -> 0 | AU15: =+AT15*AO15 -> 0
B16: 3.1.6 | C16: MCC-P | I16: ad. | T16: 1 | AO16: =SUM(J16:AN16) -> 1 | AQ16: =+AP16*AO16 -> 0 | AS16: =+AR16*AO16 -> 0 | AT16: =+AR16+AP16 -> 0 | AU16: =+AT16*AO16 -> 0
B17: 3.1.7 | C17: AP-B | I17: ad. | U17: 1 | AO17: =SUM(J17:AN17) -> 1 | AQ17: =+AP17*AO17 -> 0 | AS17: =+AR17*AO17 -> 0 | AT17: =+AR17+AP17 -> 0 | AU17: =+AT17*AO17 -> 0
B18: 3.1.8 | C18: AP-Z | I18: ad. | V18: 1 | AO18: =SUM(J18:AN18) -> 1 | AQ18: =+AP18*AO18 -> 0 | AS18: =+AR18*AO18 -> 0 | AT18: =+AR18+AP18 -> 0 | AU18: =+AT18*AO18 -> 0
B19: 3.1.9 | C19: AT-1 | I19: ad. | W19: 1 | AO19: =SUM(J19:AN19) -> 1 | AQ19: =+AP19*AO19 -> 0 | AS19: =+AR19*AO19 -> 0 | AT19: =+AR19+AP19 -> 0 | AU19: =+AT19*AO19 -> 0
B20: 3.1.10 | C20: AT-2 | I20: ad. | X20: 1 | AO20: =SUM(J20:AN20) -> 1 | AQ20: =+AP20*AO20 -> 0 | AS20: =+AR20*AO20 -> 0 | AT20: =+AR20+AP20 -> 0 | AU20: =+AT20*AO20 -> 0
B21: 3.1.11 | C21: PYP - İPTAL EDİLMİŞTİR | I21: ad. | Y21: 0 | AO21: =SUM(J21:AN21) -> 0 | AQ21: =+AP21*AO21 -> 0 | AS21: =+AR21*AO21 -> 0 | AT21: =+AR21+AP21 -> 0 | AU21: =+AT21*AO21 -> 0
B22: 3.1.12 | C22: GP | I22: ad. | Z22: 1 | AO22: =SUM(J22:AN22) -> 1 | AQ22: =+AP22*AO22 -> 0 | AS22: =+AR22*AO22 -> 0 | AT22: =+AR22+AP22 -> 0 | AU22: =+AT22*AO22 -> 0
B23: 3.1.13 | C23: MP | I23: ad. | AA23: 1 | AO23: =SUM(J23:AN23) -> 1 | AQ23: =+AP23*AO23 -> 0 | AS23: =+AR23*AO23 -> 0 | AT23: =+AR23+AP23 -> 0 | AU23: =+AT23*AO23 -> 0
B24: 3.1.14 | C24: AP-A | I24: set | AB24: 1 | AO24: =SUM(J24:AN24) -> 1 | AQ24: =+AP24*AO24 -> 0 | AS24: =+AR24*AO24 -> 0 | AT24: =+AR24+AP24 -> 0 | AU24: =+AT24*AO24 -> 0
B25: 3.1.15 | C25: ASP Asansör ile birlikte temin edilebilir - İşverenden bilgi alınacak | I25: set | AC25: 1 | AO25: =SUM(J25:AN25) -> 1 | AQ25: =+AP25*AO25 -> 0 | AS25: =+AR25*AO25 -> 0 | AT25: =+AR25+AP25 -> 0 | AU25: =+AT25*AO25 -> 0
B26: 3.1.16 | C26: BP | I26: set | AD26: 1 | AO26: =SUM(J26:AN26) -> 1 | AQ26: =+AP26*AO26 -> 0 | AS26: =+AR26*AO26 -> 0 | AT26: =+AR26+AP26 -> 0 | AU26: =+AT26*AO26 -> 0
B27: 3.1.17 | C27: EAS-1 - Kullanılacak şarj ünitesine göre pano şeması kesinleşecektir - İşverenden bilgi alınacak | I27: set | AE27: 1 | AO27: =SUM(J27:AN27) -> 1 | AQ27: =+AP27*AO27 -> 0 | AS27: =+AR27*AO27 -> 0 | AT27: =+AR27+AP27 -> 0 | AU27: =+AT27*AO27 -> 0
B28: 3.1.18 | C28: EAS-2 - Kullanılacak şarj ünitesine göre pano şeması kesinleşecektir - İşverenden bilgi alınacak | I28: set | AF28: 1 | AO28: =SUM(J28:AN28) -> 1 | AQ28: =+AP28*AO28 -> 0 | AS28: =+AR28*AO28 -> 0 | AT28: =+AR28+AP28 -> 0 | AU28: =+AT28*AO28 -> 0
B29: 3.1.19 | C29: UADP | I29: set | AG29: 1 | AO29: =SUM(J29:AN29) -> 1 | AQ29: =+AP29*AO29 -> 0 | AS29: =+AR29*AO29 -> 0 | AT29: =+AR29+AP29 -> 0 | AU29: =+AT29*AO29 -> 0
B30: 3.1.20 | C30: UP-Z | I30: set | AH30: 1 | AO30: =SUM(J30:AN30) -> 1 | AQ30: =+AP30*AO30 -> 0 | AS30: =+AR30*AO30 -> 0 | AT30: =+AR30+AP30 -> 0 | AU30: =+AT30*AO30 -> 0
B31: 3.1.21 | C31: UP-1 | I31: set | AI31: 1 | AO31: =SUM(J31:AN31) -> 1 | AQ31: =+AP31*AO31 -> 0 | AS31: =+AR31*AO31 -> 0 | AT31: =+AR31+AP31 -> 0 | AU31: =+AT31*AO31 -> 0
B32: 3.1.22 | C32: UP-2 | I32: set | AJ32: 1 | AO32: =SUM(J32:AN32) -> 1 | AQ32: =+AP32*AO32 -> 0 | AS32: =+AR32*AO32 -> 0 | AT32: =+AR32+AP32 -> 0 | AU32: =+AT32*AO32 -> 0
B33: 3.1.23 | C33: GUP | I33: set | AK33: 1 | AO33: =SUM(J33:AN33) -> 1 | AQ33: =+AP33*AO33 -> 0 | AS33: =+AR33*AO33 -> 0 | AT33: =+AR33+AP33 -> 0 | AU33: =+AT33*AO33 -> 0
B34: 3.1.24 | C34: UP-A | I34: set | AL34: 1 | AO34: =SUM(J34:AN34) -> 1 | AQ34: =+AP34*AO34 -> 0 | AS34: =+AR34*AO34 -> 0 | AT34: =+AR34+AP34 -> 0 | AU34: =+AT34*AO34 -> 0
B35: 3.1.25 | C35: UP-S | I35: set | AM35: 1 | AO35: =SUM(J35:AN35) -> 1 | AQ35: =+AP35*AO35 -> 0 | AS35: =+AR35*AO35 -> 0 | AT35: =+AR35+AP35 -> 0 | AU35: =+AT35*AO35 -> 0
B36: 3.1.26 | C36: UP-BK | I36: set | AN36: 1 | AO36: =SUM(J36:AN36) -> 1 | AQ36: =+AP36*AO36 -> 0 | AS36: =+AR36*AO36 -> 0 | AT36: =+AR36+AP36 -> 0 | AU36: =+AT36*AO36 -> 0
B37: 4 | C37: OTOMATİK ŞALTERLER OTOMATİK TRANSFER ŞALTERLERİ (ATS-for use in emergency systems) - NFPA 20, 70, 99, 110 standartlarına uygun, UL-1008 ve IEC 60947-6-1 belgeli - Pano, her türlü şalt malzemeleri, ölçü aletleri, sinyal lambaları, her türlü aksesuar, montaj, sarf malzemesi, havalandırma fanları, menfezleri, fabrika ve sahada montaj sonrası testleri ve devreye alma çalışmaları dahil, çalışır vaziyette teslim edilmesi - Yangın Dağıtım Panolarında bulunan ATS ler ilgili pano fiyatına dahildir, Teklif ekinde verilecek pano detaylı dökümlerinde ATS ler de belirtilecektir | AQ37: =SUM(AQ38:AQ42) -> 0 | AS37: =SUM(AS38:AS42) -> 0 | AU37: =SUM(AU38:AU42) -> 0
B38: 4.1.1 | C38: 3x100A e kadar ATS Pano Dahil | E38: ATS (PANO DAHİL) | F38: ASCO, RUSSELECTRIC, GENERAL ZENITH SOCOMEC | G38: İŞVEREN | H38: YÜKLENİCİ | I38: ad. | AO38: =SUM(J38:AN38) -> 0 | AQ38: =+AP38*AO38 -> 0 | AS38: =+AR38*AO38 -> 0 | AT38: =+AR38+AP38 -> 0 | AU38: =+AT38*AO38 -> 0
B39: 4.1.2 | C39: 3x160A e kadar ATS Pano Dahil | I39: ad. | AO39: =SUM(J39:AN39) -> 0 | AQ39: =+AP39*AO39 -> 0 | AS39: =+AR39*AO39 -> 0 | AT39: =+AR39+AP39 -> 0 | AU39: =+AT39*AO39 -> 0
B40: 4.1.3 | C40: 3x250A e kadar ATS Pano Dahil | I40: ad. | J40: 0 | AO40: =SUM(J40:AN40) -> 0 | AQ40: =+AP40*AO40 -> 0 | AS40: =+AR40*AO40 -> 0 | AT40: =+AR40+AP40 -> 0 | AU40: =+AT40*AO40 -> 0
B41: 4.1.4 | C41: 3x400A e kadar ATS Pano Dahil | I41: ad. | AO41: =SUM(J41:AN41) -> 0 | AQ41: =+AP41*AO41 -> 0 | AS41: =+AR41*AO41 -> 0 | AT41: =+AR41+AP41 -> 0 | AU41: =+AT41*AO41 -> 0
B42: 4.1.5 | C42: 3x630A e kadar ATS Pano Dahil | I42: ad. | AO42: =SUM(J42:AN42) -> 0 | AQ42: =+AP42*AO42 -> 0 | AS42: =+AR42*AO42 -> 0 | AT42: =+AR42+AP42 -> 0 | AU42: =+AT42*AO42 -> 0
B43: 5 | C43: PAKO VE EMNİYET ŞALTERLERİ - Kutu, rakor, askı kilit, her türlü aksesuar, montaj ve sarf malzemesi dahil çalışır vaziyette teslim edilmesi - Tüm pako şalterler, emniyet şalterleri her iki pozisyonda (on-off) askı kilit ile kilitlenebilir özellikte olacaktır | AQ43: =SUM(AQ44:AQ56) -> 0 | AS43: =SUM(AS44:AS56) -> 0 | AU43: =SUM(AU44:AU56) -> 0
B44: 5.1.1 | C44: 16A e kadar Monofaze Sıva Üstü Kutulu IP54 Pako Şalter | E44: SIVA ÜSTÜ KUTULU PAKO ŞALTER | F44: SIEMENS, SCHNEIDER, ABB, EATON, LEGRAND KRAUSNAIMER UNALKARDEŞ | G44: YÜKLENİCİ | H44: YÜKLENİCİ | I44: ad. | L44: 1 | AO44: =SUM(J44:AN44) -> 1 | AQ44: =+AP44*AO44 -> 0 | AS44: =+AR44*AO44 -> 0 | AT44: =+AR44+AP44 -> 0 | AU44: =+AT44*AO44 -> 0
B45: 5.1.2 | C45: 25A e kadar Monofaze Sıva Üstü Kutulu IP54 Pako Şalter | I45: ad. | AO45: =SUM(J45:AN45) -> 0 | AQ45: =+AP45*AO45 -> 0 | AS45: =+AR45*AO45 -> 0 | AT45: =+AR45+AP45 -> 0 | AU45: =+AT45*AO45 -> 0
B46: 5.1.3 | C46: 16A e kadar Trifaze Sıva Üstü Kutulu IP54 Pako Şalter | I46: ad. | AO46: =SUM(J46:AN46) -> 0 | AQ46: =+AP46*AO46 -> 0 | AS46: =+AR46*AO46 -> 0 | AT46: =+AR46+AP46 -> 0 | AU46: =+AT46*AO46 -> 0
B47: 5.1.4 | C47: 32A e kadar Trifaze Sıva Üstü Kutulu IP54 Pako Şalter | I47: ad. | AO47: =SUM(J47:AN47) -> 0 | AQ47: =+AP47*AO47 -> 0 | AS47: =+AR47*AO47 -> 0 | AT47: =+AR47+AP47 -> 0 | AU47: =+AT47*AO47 -> 0
B48: 5.1.5 | C48: 63A e kadar Trifaze Sıva Üstü Kutulu IP54 Pako Şalter | I48: ad. | AO48: =SUM(J48:AN48) -> 0 | AQ48: =+AP48*AO48 -> 0 | AS48: =+AR48*AO48 -> 0 | AT48: =+AR48+AP48 -> 0 | AU48: =+AT48*AO48 -> 0
B49: 5.2.1 | C49: 25A e kadar Monofaze Sıva Üstü Kutulu IP65, Sarı-Kırmızı, Askı Kilitli Emniyet Şalteri | E49: SIVA ÜSTÜ KUTULU EMNİYET ŞALTERİ | G49: YÜKLENİCİ | H49: YÜKLENİCİ | I49: ad. | AO49: =SUM(J49:AN49) -> 0 | AQ49: =+AP49*AO49 -> 0 | AS49: =+AR49*AO49 -> 0 | AT49: =+AR49+AP49 -> 0 | AU49: =+AT49*AO49 -> 0
B50: 5.2.2 | C50: 32A e kadar Monofaze Sıva Üstü Kutulu IP65, Sarı-Kırmızı, Askı Kilitli Emniyet Şalteri | I50: ad. | AO50: =SUM(J50:AN50) -> 0 | AQ50: =+AP50*AO50 -> 0 | AS50: =+AR50*AO50 -> 0 | AT50: =+AR50+AP50 -> 0 | AU50: =+AT50*AO50 -> 0
B51: 5.2.3 | C51: 80A e kadar Monofaze Sıva Üstü Kutulu IP65, Sarı-Kırmızı, Askı Kilitli Emniyet Şalteri | I51: ad. | AO51: =SUM(J51:AN51) -> 0 | AQ51: =+AP51*AO51 -> 0 | AS51: =+AR51*AO51 -> 0 | AT51: =+AR51+AP51 -> 0 | AU51: =+AT51*AO51 -> 0
B52: 5.2.4 | C52: 25A e kadar Trifaze Sıva Üstü Kutulu IP65, Sarı-Kırmızı, Askı Kilitli Emniyet Şalteri | I52: ad. | J52: 3 | K52: 2 | L52: 3 | AO52: =SUM(J52:AN52) -> 8 | AQ52: =+AP52*AO52 -> 0 | AS52: =+AR52*AO52 -> 0 | AT52: =+AR52+AP52 -> 0 | AU52: =+AT52*AO52 -> 0
B53: 5.2.5 | C53: 32A e kadar Trifaze Sıva Üstü Kutulu IP65, Sarı-Kırmızı, Askı Kilitli Emniyet Şalteri | I53: ad. | AO53: =SUM(J53:AN53) -> 0 | AQ53: =+AP53*AO53 -> 0 | AS53: =+AR53*AO53 -> 0 | AT53: =+AR53+AP53 -> 0 | AU53: =+AT53*AO53 -> 0
B54: 5.2.6 | C54: 80A e kadar Trifaze Sıva Üstü Kutulu IP65, Sarı-Kırmızı, Askı Kilitli Emniyet Şalteri | I54: ad. | AO54: =SUM(J54:AN54) -> 0 | AQ54: =+AP54*AO54 -> 0 | AS54: =+AR54*AO54 -> 0 | AT54: =+AR54+AP54 -> 0 | AU54: =+AT54*AO54 -> 0
B55: 5.2.7 | C55: 125A e kadar Trifaze Sıva Üstü Kutulu IP65, Sarı-Kırmızı, Askı Kilitli Emniyet Şalteri | I55: ad. | AO55: =SUM(J55:AN55) -> 0 | AQ55: =+AP55*AO55 -> 0 | AS55: =+AR55*AO55 -> 0 | AT55: =+AR55+AP55 -> 0 | AU55: =+AT55*AO55 -> 0
B56: 5.3.1 | C56: Pako şalter ve Emniyet Şalteri için askı kilit (askı kilitlerin takılabilmesi için gerekli şalter ve anahtarlara özel aksesuarlar birim fiyata dahildir) | E56: ASKI KİLİTLER, KİLİTLEME TERTİBATLARI VE İKAZ ETİKETLERİ | G56: =+G49 -> YÜKLENİCİ | H56: =+H49 -> YÜKLENİCİ | I56: ad. | AO56: =SUM(J56:AN56) -> 0 | AQ56: =+AP56*AO56 -> 0 | AS56: =+AR56*AO56 -> 0 | AT56: =+AR56+AP56 -> 0 | AU56: =+AT56*AO56 -> 0
B57: 6 | C57: ALÇAK GERİLİM KABLOLARI - Etiketleme, reglaj, her türlü kroşe ve klipslerle sabitleme, pabuç, yüksük, her iki uç bağlantısı, izolasyon vb testler ve ölçümler dahil çalışır vaziyette teslim edilmesi - Düşey güzergahlarda 600kg/km den ağır kablo veya kablo demetleri metal kroşeler ile en fazla 2m aralıkla kablo merdiven veya tavalarına sabitlenecektir - Tek damarlı kablolar antimanyetik kroşeler ile sabitlenecektir | AQ57: =SUM(AQ58:AQ200) -> 0 | AS57: =SUM(AS58:AS200) -> 0 | AU57: =SUM(AU58:AU200) -> 0
B58: 6.1.1 | C58: 2x1,5 mm² | E58: NHXMH (LSZH) TİPİ KABLOLAR | F58: NEXANS, PRYSMIAN | G58: YÜKLENİCİ | H58: YÜKLENİCİ | I58: m | K58: 370 | AO58: =SUM(J58:AN58) -> 370 | AQ58: =+AP58*AO58 -> 0 | AS58: =+AR58*AO58 -> 0 | AT58: =+AR58+AP58 -> 0 | AU58: =+AT58*AO58 -> 0
B59: 6.1.2 | C59: 2x2,5 mm² | I59: m | J59: 40 | K59: 100 | L59: 80 | AO59: =SUM(J59:AN59) -> 220 | AQ59: =+AP59*AO59 -> 0 | AS59: =+AR59*AO59 -> 0 | AT59: =+AR59+AP59 -> 0 | AU59: =+AT59*AO59 -> 0
B60: 6.1.3 | C60: 3x1,5 mm² | I60: m | AO60: =SUM(J60:AN60) -> 0 | AQ60: =+AP60*AO60 -> 0 | AS60: =+AR60*AO60 -> 0 | AT60: =+AR60+AP60 -> 0 | AU60: =+AT60*AO60 -> 0
B61: 6.1.4 | C61: 3x2,5 mm² | I61: m | R61: 50 | S61: 10 | U61: 50 | V61: 485 | W61: 985 | X61: 725 | Y61: 0 | Z61: 235 | AA61: 125 | AB61: 697 | AC61: 40 | AD61: 100 | AH61: 50 | AI61: 35 | AJ61: 35 | AK61: 35 | AL61: 15 | AM61: 65 | AN61: 50 | AO61: =SUM(J61:AN61) -> 3787 | AQ61: =+AP61*AO61 -> 0 | AS61: =+AR61*AO61 -> 0 | AT61: =+AR61+AP61 -> 0 | AU61: =+AT61*AO61 -> 0
B62: 6.1.5 | C62: 3x4 mm² | I62: m | V62: 75 | AO62: =SUM(J62:AN62) -> 75 | AQ62: =+AP62*AO62 -> 0 | AS62: =+AR62*AO62 -> 0 | AT62: =+AR62+AP62 -> 0 | AU62: =+AT62*AO62 -> 0
B63: 6.1.6 | C63: 3x6 mm² | I63: m | Z63: 25 | AO63: =SUM(J63:AN63) -> 25 | AQ63: =+AP63*AO63 -> 0 | AS63: =+AR63*AO63 -> 0 | AT63: =+AR63+AP63 -> 0 | AU63: =+AT63*AO63 -> 0
B64: 6.1.7 | C64: 3x10 mm² | I64: m | AO64: =SUM(J64:AN64) -> 0 | AQ64: =+AP64*AO64 -> 0 | AS64: =+AR64*AO64 -> 0 | AT64: =+AR64+AP64 -> 0 | AU64: =+AT64*AO64 -> 0
B65: 6.1.8 | C65: 4x1,5 mm² | I65: m | AO65: =SUM(J65:AN65) -> 0 | AQ65: =+AP65*AO65 -> 0 | AS65: =+AR65*AO65 -> 0 | AT65: =+AR65+AP65 -> 0 | AU65: =+AT65*AO65 -> 0
B66: 6.1.9 | C66: 4x2,5 mm² | I66: m | V66: 166 | AO66: =SUM(J66:AN66) -> 166 | AQ66: =+AP66*AO66 -> 0 | AS66: =+AR66*AO66 -> 0 | AT66: =+AR66+AP66 -> 0 | AU66: =+AT66*AO66 -> 0
B67: 6.1.10 | C67: 4x4 mm² | I67: m | AO67: =SUM(J67:AN67) -> 0 | AQ67: =+AP67*AO67 -> 0 | AS67: =+AR67*AO67 -> 0 | AT67: =+AR67+AP67 -> 0 | AU67: =+AT67*AO67 -> 0
B68: 6.1.11 | C68: 4x6 mm² | I68: m | AO68: =SUM(J68:AN68) -> 0 | AQ68: =+AP68*AO68 -> 0 | AS68: =+AR68*AO68 -> 0 | AT68: =+AR68+AP68 -> 0 | AU68: =+AT68*AO68 -> 0
B69: 6.1.12 | C69: 4x10 mm² | I69: m | AO69: =SUM(J69:AN69) -> 0 | AQ69: =+AP69*AO69 -> 0 | AS69: =+AR69*AO69 -> 0 | AT69: =+AR69+AP69 -> 0 | AU69: =+AT69*AO69 -> 0
B70: 6.1.13 | C70: 5x1,5 mm² | I70: m | AO70: =SUM(J70:AN70) -> 0 | AQ70: =+AP70*AO70 -> 0 | AS70: =+AR70*AO70 -> 0 | AT70: =+AR70+AP70 -> 0 | AU70: =+AT70*AO70 -> 0
B71: 6.1.14 | C71: 5x2,5 mm² | I71: m | AO71: =SUM(J71:AN71) -> 0 | AQ71: =+AP71*AO71 -> 0 | AS71: =+AR71*AO71 -> 0 | AT71: =+AR71+AP71 -> 0 | AU71: =+AT71*AO71 -> 0
B72: 6.1.15 | C72: 5x4 mm² | I72: m | AA72: 20 | AD72: 165 | AO72: =SUM(J72:AN72) -> 185 | AQ72: =+AP72*AO72 -> 0 | AS72: =+AR72*AO72 -> 0 | AT72: =+AR72+AP72 -> 0 | AU72: =+AT72*AO72 -> 0
B73: 6.1.16 | C73: 5x6 mm² | I73: m | U73: 55 | V73: 120 | W73: 0 | X73: 0 | Y73: 0 | AO73: =SUM(J73:AN73) -> 175 | AQ73: =+AP73*AO73 -> 0 | AS73: =+AR73*AO73 -> 0 | AT73: =+AR73+AP73 -> 0 | AU73: =+AT73*AO73 -> 0
B74: 6.1.17 | C74: 5x10 mm² | I74: m | W74: 0 | X74: 0 | AO74: =SUM(J74:AN74) -> 0 | AQ74: =+AP74*AO74 -> 0 | AS74: =+AR74*AO74 -> 0 | AT74: =+AR74+AP74 -> 0 | AU74: =+AT74*AO74 -> 0
B75: 6.1.18 | C75: 7x1,5 mm² | I75: m | AO75: =SUM(J75:AN75) -> 0 | AQ75: =+AP75*AO75 -> 0 | AS75: =+AR75*AO75 -> 0 | AT75: =+AR75+AP75 -> 0 | AU75: =+AT75*AO75 -> 0
B76: 6.1.19 | C76: 10x1,5 mm² | I76: m | AO76: =SUM(J76:AN76) -> 0 | AQ76: =+AP76*AO76 -> 0 | AS76: =+AR76*AO76 -> 0 | AT76: =+AR76+AP76 -> 0 | AU76: =+AT76*AO76 -> 0
B77: 6.2.1 | C77: 2x1,5 mm² | E77: NHXMH FE180 (LSZH) TİPİ KABLOLAR | F77: NEXANS, PRYSMIAN | G77: YÜKLENİCİ | H77: YÜKLENİCİ | I77: m | AO77: =SUM(J77:AN77) -> 0 | AQ77: =+AP77*AO77 -> 0 | AS77: =+AR77*AO77 -> 0 | AT77: =+AR77+AP77 -> 0 | AU77: =+AT77*AO77 -> 0
B78: 6.2.2 | C78: 2x2,5 mm² | I78: m | L78: 120 | AO78: =SUM(J78:AN78) -> 120 | AQ78: =+AP78*AO78 -> 0 | AS78: =+AR78*AO78 -> 0 | AT78: =+AR78+AP78 -> 0 | AU78: =+AT78*AO78 -> 0
B79: 6.2.3 | C79: 3x2,5 mm² | I79: m | AO79: =SUM(J79:AN79) -> 0 | AQ79: =+AP79*AO79 -> 0 | AS79: =+AR79*AO79 -> 0 | AT79: =+AR79+AP79 -> 0 | AU79: =+AT79*AO79 -> 0
B80: 6.2.4 | C80: 3x4 mm² | I80: m | AO80: =SUM(J80:AN80) -> 0 | AQ80: =+AP80*AO80 -> 0 | AS80: =+AR80*AO80 -> 0 | AT80: =+AR80+AP80 -> 0 | AU80: =+AT80*AO80 -> 0
B81: 6.2.5 | C81: 5x2,5 mm² | I81: m | AO81: =SUM(J81:AN81) -> 0 | AQ81: =+AP81*AO81 -> 0 | AS81: =+AR81*AO81 -> 0 | AT81: =+AR81+AP81 -> 0 | AU81: =+AT81*AO81 -> 0
B82: 6.3.1 | C82: 3x2,5 mm² RENK-STANDART | E82: 052XZ1-F (LSZH) TİPİ KABLOLAR | F82: NEXANS, PRYSMIAN | G82: YÜKLENİCİ | H82: YÜKLENİCİ | I82: m | AO82: =SUM(J82:AN82) -> 0 | AQ82: =+AP82*AO82 -> 0 | AS82: =+AR82*AO82 -> 0 | AT82: =+AR82+AP82 -> 0 | AU82: =+AT82*AO82 -> 0
B83: 6.3.2 | C83: 5x4mm² RENK-STANDART | I83: m | AO83: =SUM(J83:AN83) -> 0 | AQ83: =+AP83*AO83 -> 0 | AS83: =+AR83*AO83 -> 0 | AT83: =+AR83+AP83 -> 0 | AU83: =+AT83*AO83 -> 0
B84: 6.3.3 | C84: 3x2,5 mm² RENK-MAVİ | I84: m | AO84: =SUM(J84:AN84) -> 0 | AQ84: =+AP84*AO84 -> 0 | AS84: =+AR84*AO84 -> 0 | AT84: =+AR84+AP84 -> 0 | AU84: =+AT84*AO84 -> 0
B85: 6.3.4 | C85: 5x4 mm² RENK-MAVİ | I85: m | AO85: =SUM(J85:AN85) -> 0 | AQ85: =+AP85*AO85 -> 0 | AS85: =+AR85*AO85 -> 0 | AT85: =+AR85+AP85 -> 0 | AU85: =+AT85*AO85 -> 0
B86: 6.4.6 | C86: 1x4 mm² | E86: N2XH (LSZH) TİPİ KABLOLAR | F86: NEXANS, PRYSMIAN | G86: YÜKLENİCİ | H86: YÜKLENİCİ | I86: m | AO86: =SUM(J86:AN86) -> 0 | AQ86: =+AP86*AO86 -> 0 | AS86: =+AR86*AO86 -> 0 | AT86: =+AR86+AP86 -> 0 | AU86: =+AT86*AO86 -> 0
B87: 6.4.7 | C87: 1x6 mm² | I87: m | AO87: =SUM(J87:AN87) -> 0 | AQ87: =+AP87*AO87 -> 0 | AS87: =+AR87*AO87 -> 0 | AT87: =+AR87+AP87 -> 0 | AU87: =+AT87*AO87 -> 0
B88: 6.4.8 | C88: 1x10 mm² | I88: m | AO88: =SUM(J88:AN88) -> 0 | AQ88: =+AP88*AO88 -> 0 | AS88: =+AR88*AO88 -> 0 | AT88: =+AR88+AP88 -> 0 | AU88: =+AT88*AO88 -> 0
B89: 6.4.9 | C89: 1x16 mm² | I89: m | AO89: =SUM(J89:AN89) -> 0 | AQ89: =+AP89*AO89 -> 0 | AS89: =+AR89*AO89 -> 0 | AT89: =+AR89+AP89 -> 0 | AU89: =+AT89*AO89 -> 0
B90: 6.4.10 | C90: 1x25 mm² | I90: m | AO90: =SUM(J90:AN90) -> 0 | AQ90: =+AP90*AO90 -> 0 | AS90: =+AR90*AO90 -> 0 | AT90: =+AR90+AP90 -> 0 | AU90: =+AT90*AO90 -> 0
B91: 6.4.11 | C91: 1x35 mm² | I91: m | AO91: =SUM(J91:AN91) -> 0 | AQ91: =+AP91*AO91 -> 0 | AS91: =+AR91*AO91 -> 0 | AT91: =+AR91+AP91 -> 0 | AU91: =+AT91*AO91 -> 0
B92: 6.4.12 | C92: 1x50 mm² | I92: m | AO92: =SUM(J92:AN92) -> 0 | AQ92: =+AP92*AO92 -> 0 | AS92: =+AR92*AO92 -> 0 | AT92: =+AR92+AP92 -> 0 | AU92: =+AT92*AO92 -> 0
B93: 6.4.13 | C93: 1x70 mm² | I93: m | AE93: 6 | AO93: =SUM(J93:AN93) -> 6 | AQ93: =+AP93*AO93 -> 0 | AS93: =+AR93*AO93 -> 0 | AT93: =+AR93+AP93 -> 0 | AU93: =+AT93*AO93 -> 0
B94: 6.4.14 | C94: 1x95 mm² | I94: m | AO94: =SUM(J94:AN94) -> 0 | AQ94: =+AP94*AO94 -> 0 | AS94: =+AR94*AO94 -> 0 | AT94: =+AR94+AP94 -> 0 | AU94: =+AT94*AO94 -> 0
B95: 6.4.15 | C95: 1x120 mm² | I95: m | O95: 0 | AO95: =SUM(J95:AN95) -> 0 | AQ95: =+AP95*AO95 -> 0 | AS95: =+AR95*AO95 -> 0 | AT95: =+AR95+AP95 -> 0 | AU95: =+AT95*AO95 -> 0
B96: 6.4.16 | C96: 1x150 mm² | I96: m | AE96: 20 | AO96: =SUM(J96:AN96) -> 20 | AQ96: =+AP96*AO96 -> 0 | AS96: =+AR96*AO96 -> 0 | AT96: =+AR96+AP96 -> 0 | AU96: =+AT96*AO96 -> 0
B97: 6.4.17 | C97: 1x185 mm² | I97: m | Q97: 260 | AO97: =SUM(J97:AN97) -> 260 | AQ97: =+AP97*AO97 -> 0 | AS97: =+AR97*AO97 -> 0 | AT97: =+AR97+AP97 -> 0 | AU97: =+AT97*AO97 -> 0
B98: 6.4.18 | C98: 1x240 mm² | I98: m | Q98: 1170 | AO98: =SUM(J98:AN98) -> 1170 | AQ98: =+AP98*AO98 -> 0 | AS98: =+AR98*AO98 -> 0 | AT98: =+AR98+AP98 -> 0 | AU98: =+AT98*AO98 -> 0
B99: 6.4.19 | C99: 2x1,5 mm² | I99: m | AO99: =SUM(J99:AN99) -> 0 | AQ99: =+AP99*AO99 -> 0 | AS99: =+AR99*AO99 -> 0 | AT99: =+AR99+AP99 -> 0 | AU99: =+AT99*AO99 -> 0
B100: 6.4.20 | C100: 2x2,5 mm² | I100: m | AO100: =SUM(J100:AN100) -> 0 | AQ100: =+AP100*AO100 -> 0 | AS100: =+AR100*AO100 -> 0 | AT100: =+AR100+AP100 -> 0 | AU100: =+AT100*AO100 -> 0
...

Sheet Enerji temini
A1: ENERJİ TEMİNİ | F1: KEŞİF | H1: MALZEME | J1: İŞÇİLİK | L1: Satış Br. Fiyat | M1: Satış Tutar
A2: Şartname No | B2: Poz No | C2: İmalatlar | F2: Birim | G2: Metraj | H2: Malzeme Br. Fiyat | I2: Malzeme Tutar | J2: İşçilik Br. Fiyat | K2: İşçilik Tutar
B3: 1 | C3: ENERJİ TEMİNİ VE ORTA GERİLİM İŞLERİ | I3: =+I4+I5 -> 0 | K3: =+K4+K5 -> 0 | M3: =+M4+M5 -> 0
B4: 1.1 | C4: Bina güç ihtiyacına uygun olarak enerji temini yapılabilmesi için ilgili kurumlara başvuru yapılması, enerji şartı alınması, projelerin hazırlanarak onaylatılması | F4: AD | G4: 1 | I4: =+H4*G4 -> 0 | K4: =+J4*G4 -> 0 | L4: =+H4+J4 -> 0 | M4: =L4*G4 -> 0
B5: 1.2 | C5: Hazırlanacak enerji temin projesine uygun olarak beton köşkün temin edilmesi, tüm uygulamanın yapılması tesise enerji verilene kadar gerekli teknik ve idari süreçlerin takip edilmesi, İşverene çalışır vaziyette teslim edilmesi. | F5: AD | G5: 1 | I5: =+H5*G5 -> 0 | K5: =+J5*G5 -> 0 | L5: =+H5+J5 -> 0 | M5: =L5*G5 -> 0
F7: TOPLAM | J7: MALZEME | L7: =+I3 -> 0
J8: İŞÇİLİK | L8: =+K3 -> 0
J9: TOPLAM FİYAT (KDV'siz) | L9: =+L7+L8 -> 0

Sheet Asansör
A1: ASANSÖR | F1: KEŞİF | H1: MALZEME | J1: İŞÇİLİK | L1: Satış Br. Fiyat | M1: Satış Tutar
A2: Şartname No | B2: Poz No | C2: İmalatlar | F2: Birim | G2: Metraj | H2: Malzeme Br. Fiyat | I2: Malzeme Tutar | J2: İşçilik Br. Fiyat | K2: İşçilik Tutar
B3: 1 | C3: ASANSÖR TEMİNİ VE MONTAJI | I3: =+I4 -> 0 | K3: =+K4 -> 0 | M3: =+M4 -> 0
B4: 1.1 | C4: 800 Kg kapasiteli elektrik motorlu asansörün avan proje ve teknik şartnamesine uygun olarak uygulama-ruhsat projelerinin hazırlanması, gerekli kurumlara onaylatılması, temini ve montajının yapılarak, asansörün kullanıma açılması için tüm onayların alınarak işletmeye açılması | F4: AD | G4: 1 | I4: =+H4*G4 -> 0 | K4: =+J4*G4 -> 0 | L4: =+H4+J4 -> 0 | M4: =L4*G4 -> 0
F6: TOPLAM | J6: MALZEME | L6: =+I3 -> 0
J7: İŞÇİLİK | L7: =+K3 -> 0
J8: TOPLAM FİYAT (KDV'siz) | L8: =+L6+L7 -> 0
