Workbook
Name ____xlnm.Print_Area_2: #REF!
Name ____xlnm.Print_Area_2: #REF!
Name ____xlnm.Print_Area_2: #REF!
Name ____xlnm.Print_Area_2: #REF!
Name ____xlnm.Print_Area_2: #REF!
Name ___BFK2003: #REF!
Name ___BFK2003: #REF!
Name ___BFK2003: #REF!
Name ___BFK2003: #REF!
Name ___BFK2003: #REF!
Name ___xlnm.Print_Area_2: #REF!
Name ___xlnm.Print_Area_2: #REF!
Name ___xlnm.Print_Area_2: #REF!
Name ___xlnm.Print_Area_2: #REF!
Name ___xlnm.Print_Area_2: #REF!
Name __BFK2003: #REF!
Name __BFK2003: #REF!
Name __BFK2003: #REF!
Name __BFK2003: #REF!
Name __BFK2003: #REF!
Name __xlnm.Print_Area_2: #REF!
Name __xlnm.Print_Area_2: #REF!
Name __xlnm.Print_Area_2: #REF!
Name __xlnm.Print_Area_2: #REF!
Name __xlnm.Print_Area_2: #REF!
Name _1000İŞÇ_9_2_1_2: #REF!
Name _1000İŞÇ_9_2_1_2: #REF!
Name _1000İŞÇ_9_2_1_2: #REF!
Name _1000İŞÇ_9_2_1_2: #REF!
Name _1000İŞÇ_9_2_1_2: #REF!
Name _1005KK_10_2_1: #REF!
Name _1005KK_10_2_1: #REF!
Name _1005KK_10_2_1: #REF!
Name _1005KK_10_2_1: #REF!
Name _1005KK_10_2_1: #REF!
Name _100DEM_10_2_1_2: #REF!
Name _100DEM_10_2_1_2: #REF!
Name _100DEM_10_2_1_2: #REF!
Name _100DEM_10_2_1_2: #REF!
Name _100DEM_10_2_1_2: #REF!
Name _1010KK_10_2_2: #REF!
Name _1010KK_10_2_2: #REF!
Name _1010KK_10_2_2: #REF!
Name _1010KK_10_2_2: #REF!
Name _1010KK_10_2_2: #REF!
Name _1015KK_10_2_1_1: #REF!
Name _1015KK_10_2_1_1: #REF!
Name _1015KK_10_2_1_1: #REF!
Name _1015KK_10_2_1_1: #REF!
Name _1015KK_10_2_1_1: #REF!
Name _1020KK_10_2_1_2: #REF!
Name _1020KK_10_2_1_2: #REF!
Name _1020KK_10_2_1_2: #REF!
Name _1020KK_10_2_1_2: #REF!
Name _1020KK_10_2_1_2: #REF!
Name _1025KK_10_3_1: #REF!
Name _1025KK_10_3_1: #REF!
Name _1025KK_10_3_1: #REF!
Name _1025KK_10_3_1: #REF!
Name _1025KK_10_3_1: #REF!

Sheet ICMAL
B2: FIRMA-A FABRİKA MEKANİK TESİSAT KEŞİF İCMALİ
B3: SIRA NO | C3: BÖLÜM ADI | D3: TOPLAM FİYAT
B4: 1 | C4: SIHHİ TESİSAT | D4: =SIHHİ!L216 -> 3730534
B5: 2 | C5: HAVALANDIRMA TESİSATI | D5: =HAVALANDIRMA!L60 -> 184435
B6: 3 | C6: YANGIN TESİSATI | D6: =YANGIN!L180 -> 10209650
B7: 4 | C7: VRV-VRF TESİSATI | D7: ='VRV-VRF'!L69 -> 0
B8: 5 | C8: SİFONİK YAĞMUR TESİSATI | D8: ='SIFONIK YAĞMUR'!L44 -> 0
B10: GENEL TOPLAM ( TL - TÜRK LİRASI ) | D10: =SUM(D4:D8) -> 14124619
B12: NOTLAR:
B13: 1 | C13: Bina dışındaki toprak Altında gecen temiz su ve pis su boruları, temel içindeki altyapı boruları keşif özetine dahil değildir.
B14: 2 | C14: Bina içinde gerekli olan kırma dökme ,örme,sıva…. Vb inşai işler keşif özetine dahil değildir.
C15: sadece sıhhi tesisattaki pis su ve temiz su boruların gecmesi için gerekli alan karot işleri dahildir.
C16: Duvar içinden geçen hatların duvara gömülmesi için gerekli kesme ve boşaltma işi dahildir.
C17: Bütün tesisatlar için duvar geçişleri delme işlemi birim fiyata dahildir.
B18: 3 | C18: Radyant sistemi ve doğalgaz tesisatı keşif özetine dahil değildir. Uygulama projesi doğrultusunda keşif çalışması oluşturulmalıdır.
B19: 4 | C19: Keşif özetinde belirtilen malzeme listesi, teklif verecek olan firmalara ön bilgi olarak aktarılmıştır. Anahtar teslimi yapılacak olan ihlaye firmalar kendi metrajları ile teklif verebilirler.
B20: 5 | C20: Keşif özeti ruhsat mimari projesine göre çizilmiş olup uygulamada yer alacak sistemler (basınçlı hava proses hatları, ısıtma soğutma proses hatları vb.) keşif özetine dahil edilmemiştir.

Sheet SIHHİ
B2: FIRMA-A FABRİKA Sıhhi Tesisat Keşif Özeti
B3: SIRA NO | C3: CİNSİ TANIMI | D3: MARKASI | E3: MİKTAR | F3: BİRİM | G3: MALZEME | I3: İŞÇİLİK | K3: TOPLAM
G4: BİRİM FİYAT | H4: TUTAR | I4: BİRİM FİYAT | J4: TUTAR | K4: BİRİM FİYAT | L4: TUTAR
C5: VİTRİFİYE MALZEMESİ VE ARMATÜR MONTAJLARI, | L5: =IF(OR(H5<>"",J5<>""),SUM(H5,J5),"")
C6: MALZEMENİN TEMİN EDİLDİĞİ MARKANIN YETKİLİ | L6: =IF(OR(H6<>"",J6<>""),SUM(H6,J6),"")
C7: SERVİSLERİ veya MEKANİK MÜTEAHHİT TARAFINDAN YAPILACAKTIR. | L7: =IF(OR(H7<>"",J7<>""),SUM(H7,J7),"")
C8: Mekanik Tesisat Taşeron Firması, vitrefiye malzemelerinin ve armatür- | L8: =IF(OR(H8<>"",J8<>""),SUM(H8,J8),"")
C9: lerinin ihtiyacı olan pis ve temiz su ağızlarını, markanın montaj kataloğu- | L9: =IF(OR(H9<>"",J9<>""),SUM(H9,J9),"")
C10: ndaki ölçülere uygun olarak hazırlayacaktır. Bunu dışında her türlü montaj | L10: =IF(OR(H10<>"",J10<>""),SUM(H10,J10),"")
C11: ve yardımcı malzeme yetkili servis tarafından sağlanacaktır. Her türlü | L11: =IF(OR(H11<>"",J11<>""),SUM(H11,J11),"")
C12: yeter miktardaki adaptör conta, uzatma parçası, yeter uzunlukta fleksible | L12: =IF(OR(H12<>"",J12<>""),SUM(H12,J12),"")
C13: bağlantı parçası, her türlü montaj seti v.b. malzeme, vitrefiye malzemesinin | L13: =IF(OR(H13<>"",J13<>""),SUM(H13,J13),"")
C14: satın alındığı markanın yetkili servisi tarafından temin edilip, montajı | L14: =IF(OR(H14<>"",J14<>""),SUM(H14,J14),"")
C15: yine yetkili sevis tarafından yapılacaktır. | L15: =IF(OR(H15<>"",J15<>""),SUM(H15,J15),"")
B16: =MAX(INDIRECT(CONCATENATE(ADDRESS(4,2,1,1),":",ADDRESS(ROW()-1,2,4,1))))+1 -> 1 | C16: GÖMME REZERVUAR MONTAJ BEDELİ | L16: =IF(OR(H16<>"",J16<>""),SUM(H16,J16),"")
C17: Gömme rezervuar montajı için çelik karkas inşaai grup tarafından hazırlanacaktır. | L17: =IF(OR(H17<>"",J17<>""),SUM(H17,J17),"")
C18: Kada, rezervuar gider dirseği gibi parçalar İşveren tarafından temin edilecektir. | E18: 13 | F18: Adet | I18: 4000 | J18: =SUM(E18*I18) -> 52000 | K18: =SUM(G18+I18) -> 4000 | L18: =IF(OR(H18<>"",J18<>""),SUM(H18,J18),"") -> 52000
B19: =MAX(INDIRECT(CONCATENATE(ADDRESS(4,2,1,1),":",ADDRESS(ROW()-1,2,4,1))))+1 -> 2 | C19: STOP VALF MONTAJ BEDELİ | J19: =SUM(E19*I19) -> 0 | K19: =SUM(G19+I19) -> 0 | L19: =IF(OR(H19<>"",J19<>""),SUM(H19,J19),"") -> 0
C20: İşveren tarafından temin edilen alafranga wc ler için stop valfin ve taharet musluğu montaj bedeli. | E20: 9 | F20: Adet | I20: 830 | J20: =SUM(E20*I20) -> 7470 | K20: =SUM(G20+I20) -> 830 | L20: =IF(OR(H20<>"",J20<>""),SUM(H20,J20),"") -> 7470
B21: =MAX(INDIRECT(CONCATENATE(ADDRESS(4,2,1,1),":",ADDRESS(ROW()-1,2,4,1))))+1 -> 3 | C21: KLOZET MONTAJ BEDELİ | J21: =SUM(E21*I21) -> 0 | K21: =SUM(G21+I21) -> 0 | L21: =IF(OR(H21<>"",J21<>""),SUM(H21,J21),"") -> 0
C22: İşveren tarafından temin edilen klozetin montaj bedeli. Özürlü klozeti montajı bu pozdan ödenir. | E22: 9 | F22: Adet | I22: 3000 | J22: =SUM(E22*I22) -> 27000 | K22: =SUM(G22+I22) -> 3000 | L22: =IF(OR(H22<>"",J22<>""),SUM(H22,J22),"") -> 27000
B23: =MAX(INDIRECT(CONCATENATE(ADDRESS(4,2,1,1),":",ADDRESS(ROW()-1,2,4,1))))+1 -> 4 | C23: TAHARET MUSLUĞU MONTAJ BEDELİ | J23: =SUM(E23*I23) -> 0 | K23: =SUM(G23+I23) -> 0 | L23: =IF(OR(H23<>"",J23<>""),SUM(H23,J23),"") -> 0
C24: İşveren tarafından temin edilen alaturka wc ler için taharet montaj bedeli | E24: 4 | F24: Adet | I24: 450 | J24: =SUM(E24*I24) -> 1800 | K24: =SUM(G24+I24) -> 450 | L24: =IF(OR(H24<>"",J24<>""),SUM(H24,J24),"") -> 1800
B25: =MAX(INDIRECT(CONCATENATE(ADDRESS(4,2,1,1),":",ADDRESS(ROW()-1,2,4,1))))+1 -> 5 | C25: LAVABO//EVİYE MONTAJ BEDELİ | J25: =SUM(E25*I25) -> 0 | K25: =SUM(G25+I25) -> 0 | L25: =IF(OR(H25<>"",J25<>""),SUM(H25,J25),"") -> 0
C26: İşveren tarafından temin edilen lavabonun/eviye montaj bedeli.(fotosel bataryası dahil) | E26: 17 | F26: Adet | I26: 4000 | J26: =SUM(E26*I26) -> 68000 | K26: =SUM(G26+I26) -> 4000 | L26: =IF(OR(H26<>"",J26<>""),SUM(H26,J26),"") -> 68000
B27: =MAX(INDIRECT(CONCATENATE(ADDRESS(4,2,1,1),":",ADDRESS(ROW()-1,2,4,1))))+1 -> 6 | C27: LAVABO/EVİYE BATARYASI MONTAJ BEDELİ | J27: =SUM(E27*I27) -> 0 | K27: =SUM(G27+I27) -> 0 | L27: =IF(OR(H27<>"",J27<>""),SUM(H27,J27),"") -> 0
C28: İşveren tarafından temin edilen bataryanın montaj bedeli. Özürlü bataryası, kurna musluğu,eviye musluğu,… vb | J28: =SUM(E28*I28) -> 0 | K28: =SUM(G28+I28) -> 0 | L28: =IF(OR(H28<>"",J28<>""),SUM(H28,J28),"") -> 0
C29: bataryalar montajı bu pozdan ödenir. | E29: 17 | F29: Adet | I29: 830 | J29: =SUM(E29*I29) -> 14110 | K29: =SUM(G29+I29) -> 830 | L29: =IF(OR(H29<>"",J29<>""),SUM(H29,J29),"") -> 14110
B30: =MAX(INDIRECT(CONCATENATE(ADDRESS(4,2,1,1),":",ADDRESS(ROW()-1,2,4,1))))+1 -> 7 | C30: FİLTRELİ ARA MUSLUK MONTAJ BEDELİ | J30: =SUM(E30*I30) -> 0 | K30: =SUM(G30+I30) -> 0 | L30: =IF(OR(H30<>"",J30<>""),SUM(H30,J30),"") -> 0
C31: İşveren tarafından temin edilen Filtreli Ara Musluk montaj bedeli. | E31: 34 | F31: Adet | I31: 830 | J31: =SUM(E31*I31) -> 28220 | K31: =SUM(G31+I31) -> 830 | L31: =IF(OR(H31<>"",J31<>""),SUM(H31,J31),"") -> 28220
B32: =MAX(INDIRECT(CONCATENATE(ADDRESS(4,2,1,1),":",ADDRESS(ROW()-1,2,4,1))))+1 -> 8 | C32: DUŞ TEKNESİ MONTAJ BEDELİ | J32: =SUM(E32*I32) -> 0 | K32: =SUM(G32+I32) -> 0 | L32: =IF(OR(H32<>"",J32<>""),SUM(H32,J32),"") -> 0
C33: İşveren tarafından temin edilen Duş teknesinin montaj bedeli. | E33: 4 | F33: Adet | I33: 4000 | J33: =SUM(E33*I33) -> 16000 | K33: =SUM(G33+I33) -> 4000 | L33: =IF(OR(H33<>"",J33<>""),SUM(H33,J33),"") -> 16000
B34: =MAX(INDIRECT(CONCATENATE(ADDRESS(4,2,1,1),":",ADDRESS(ROW()-1,2,4,1))))+1 -> 9 | C34: DUŞ BATARYASI MONTAJ BEDELİ | J34: =SUM(E34*I34) -> 0 | K34: =SUM(G34+I34) -> 0 | L34: =IF(OR(H34<>"",J34<>""),SUM(H34,J34),"") -> 0
C35: İşveren tarafından temin edilen Duş bataryasının montaj bedeli. | E35: 4 | F35: Adet | I35: 830 | J35: =SUM(E35*I35) -> 3320 | K35: =SUM(G35+I35) -> 830 | L35: =IF(OR(H35<>"",J35<>""),SUM(H35,J35),"") -> 3320
B36: =MAX(INDIRECT(CONCATENATE(ADDRESS(4,2,1,1),":",ADDRESS(ROW()-1,2,4,1))))+1 -> 10 | C36: PİSUAR ve TESİSATI MONTAJ BEDELİ | J36: =SUM(E36*I36) -> 0 | K36: =SUM(G36+I36) -> 0 | L36: =IF(OR(H36<>"",J36<>""),SUM(H36,J36),"") -> 0
C37: İşveren tarafından temin edilen pisuar ve tesisatının montaj bedeli.(fotosel bataryası dahil) | E37: 2 | F37: Adet | I37: 4000 | J37: =SUM(E37*I37) -> 8000 | K37: =SUM(G37+I37) -> 4000 | L37: =IF(OR(H37<>"",J37<>""),SUM(H37,J37),"") -> 8000
B38: =MAX(INDIRECT(CONCATENATE(ADDRESS(4,2,1,1),":",ADDRESS(ROW()-1,2,4,1))))+1 -> 11 | C38: ALATURKA TUVALET ve TESİSATI MONTAJ BEDELİ | J38: =SUM(E38*I38) -> 0 | K38: =SUM(G38+I38) -> 0 | L38: =IF(OR(H38<>"",J38<>""),SUM(H38,J38),"") -> 0
C39: İşveren tarafından temin edilen Alaturka tuvalet ve tesisatının montaj bedeli. | E39: 4 | F39: Adet | I39: 4000 | J39: =SUM(E39*I39) -> 16000 | K39: =SUM(G39+I39) -> 4000 | L39: =IF(OR(H39<>"",J39<>""),SUM(H39,J39),"") -> 16000
B40: =MAX(INDIRECT(CONCATENATE(ADDRESS(4,2,1,1),":",ADDRESS(ROW()-1,2,4,1))))+1 -> 12 | C40: SABUNLUK MONTAJ BEDELİ | J40: =SUM(E40*I40) -> 0 | K40: =SUM(G40+I40) -> 0
C41: İşveren tarafından temin edilen Sabunluğun montaj bedeli. | E41: 9 | F41: Adet | I41: 1250 | J41: =SUM(E41*I41) -> 11250 | K41: =SUM(G41+I41) -> 1250 | L41: =IF(OR(H41<>"",J41<>""),SUM(H41,J41),"") -> 11250
B42: =MAX(INDIRECT(CONCATENATE(ADDRESS(4,2,1,1),":",ADDRESS(ROW()-1,2,4,1))))+1 -> 13 | C42: HAVLULUK MONTAJ BEDELİ | J42: =SUM(E42*I42) -> 0 | K42: =SUM(G42+I42) -> 0
C43: İşveren tarafından temin edilen Havluluğun montaj bedeli. | E43: 9 | F43: Adet | I43: 1250 | J43: =SUM(E43*I43) -> 11250 | K43: =SUM(G43+I43) -> 1250 | L43: =IF(OR(H43<>"",J43<>""),SUM(H43,J43),"") -> 11250
B44: =MAX(INDIRECT(CONCATENATE(ADDRESS(4,2,1,1),":",ADDRESS(ROW()-1,2,4,1))))+1 -> 14 | C44: ASKILIK MONTAJ BEDELİ | J44: =SUM(E44*I44) -> 0 | K44: =SUM(G44+I44) -> 0
C45: İşveren tarafından temin edilen Askılığın montaj bedeli. | E45: 13 | F45: Adet | I45: 1250 | J45: =SUM(E45*I45) -> 16250 | K45: =SUM(G45+I45) -> 1250 | L45: =IF(OR(H45<>"",J45<>""),SUM(H45,J45),"") -> 16250
B46: =MAX(INDIRECT(CONCATENATE(ADDRESS(4,2,1,1),":",ADDRESS(ROW()-1,2,4,1))))+1 -> 15 | C46: BANYO SÜZGECİ MONTAJ BEDELİ | J46: =SUM(E46*I46) -> 0 | K46: =SUM(G46+I46) -> 0 | L46: =IF(OR(H46<>"",J46<>""),SUM(H46,J46),"") -> 0
C47: 10x10 Paslanmaz Izgaralı - Koku fermetürlü | E47: 4 | F47: Adet | I47: 1660 | J47: =SUM(E47*I47) -> 6640 | K47: =SUM(G47+I47) -> 1660 | L47: =IF(OR(H47<>"",J47<>""),SUM(H47,J47),"") -> 6640
B48: =MAX(INDIRECT(CONCATENATE(ADDRESS(4,2,1,1),":",ADDRESS(ROW()-1,2,4,1))))+1 -> 16 | C48: YER SÜZGECİ | J48: =SUM(E48*I48) -> 0 | K48: =SUM(G48+I48) -> 0 | L48: =IF(OR(H48<>"",J48<>""),SUM(H48,J48),"") -> 0
C49: 10x10mm Paslanmaz Izgaralı | E49: 12 | F49: Adet | G49: 600 | I49: 1660 | J49: =SUM(E49*I49) -> 19920 | K49: =SUM(G49+I49) -> 2260 | L49: =IF(OR(H49<>"",J49<>""),SUM(H49,J49),"") -> 19920
B50: =MAX(INDIRECT(CONCATENATE(ADDRESS(4,2,1,1),":",ADDRESS(ROW()-1,2,4,1))))+1 -> 17 | C50: YER IZGARASI-PİK DÖKÜM | J50: =SUM(E50*I50) -> 0 | K50: =SUM(G50+I50) -> 0 | L50: =IF(OR(H50<>"",J50<>""),SUM(H50,J50),"") -> 0
C51: Kanal imalatı inaşai olacaktır. | J51: =SUM(E51*I51) -> 0 | K51: =SUM(G51+I51) -> 0 | L51: =IF(OR(H51<>"",J51<>""),SUM(H51,J51),"") -> 0
C52: w:300 mm | E52: 25 | F52: mt. | I52: 1660 | J52: =SUM(E52*I52) -> 41500 | K52: =SUM(G52+I52) -> 1660 | L52: =IF(OR(H52<>"",J52<>""),SUM(H52,J52),"") -> 41500
B53: =MAX(INDIRECT(CONCATENATE(ADDRESS(4,2,1,1),":",ADDRESS(ROW()-1,2,4,1))))+1 -> 18 | C53: ELEKTRİKLİ TERMOSİFON | J53: =SUM(E53*I53) -> 0 | K53: =SUM(G53+I53) -> 0 | L53: =IF(OR(H53<>"",J53<>""),SUM(H53,J53),"") -> 0
C54: Kapasite: 77 lt. | E54: 6 | F54: Adet | I54: 1250 | J54: =SUM(E54*I54) -> 7500 | K54: =SUM(G54+I54) -> 1250 | L54: =IF(OR(H54<>"",J54<>""),SUM(H54,J54),"") -> 7500
B55: =MAX(INDIRECT(CONCATENATE(ADDRESS(4,2,1,1),":",ADDRESS(ROW()-1,2,4,1))))+1 -> 19 | C55: KULLANIM SUYU HİDROFORLARI | J55: =SUM(E55*I55) -> 0 | K55: =SUM(G55+I55) -> 0 | L55: =IF(OR(H55<>"",J55<>""),SUM(H55,J55),"") -> 0
C56: Çoklu dik tip pompalı paket tip kullanım suyu hidroforu. Çek valf, küresel | J56: =SUM(E56*I56) -> 0 | K56: =SUM(G56+I56) -> 0 | L56: =IF(OR(H56<>"",J56<>""),SUM(H56,J56),"") -> 0
C57: vana, basma ve emme kollektöleri, genleşme tankı ve bağlantı fleksi, | J57: =SUM(E57*I57) -> 0 | K57: =SUM(G57+I57) -> 0 | L57: =IF(OR(H57<>"",J57<>""),SUM(H57,J57),"") -> 0
C58: kontrol panosu ve basınç prosestatı ile beraber temin edilecektir. | J58: =SUM(E58*I58) -> 0 | K58: =SUM(G58+I58) -> 0 | L58: =IF(OR(H58<>"",J58<>""),SUM(H58,J58),"") -> 0
C59: Pompalar 304 Kalite Paslanmaz çelik malzemeden imal edilmiş olacaktır. | J59: =SUM(E59*I59) -> 0 | K59: =SUM(G59+I59) -> 0 | L59: =IF(OR(H59<>"",J59<>""),SUM(H59,J59),"") -> 0
C60: Pompaların elektrik motorları IIE 3 kalite olacaktır. | J60: =SUM(E60*I60) -> 0 | K60: =SUM(G60+I60) -> 0 | L60: =IF(OR(H60<>"",J60<>""),SUM(H60,J60),"") -> 0
C61: Aksi belirtilmedikçe hidroforlar frekans konvertörlü olacaktır. | J61: =SUM(E61*I61) -> 0 | K61: =SUM(G61+I61) -> 0 | L61: =IF(OR(H61<>"",J61<>""),SUM(H61,J61),"") -> 0
C62: Enerji Sınıfı A sınıfı olmayan hidroforlar teklif edilmeyecektir. | J62: =SUM(E62*I62) -> 0 | K62: =SUM(G62+I62) -> 0 | L62: =IF(OR(H62<>"",J62<>""),SUM(H62,J62),"") -> 0
C63: Pompaların emme-basma gövdesi dahil su ile temaslı tüm yüzeyler paslanmaz çelik olacaktır. | J63: =SUM(E63*I63) -> 0 | K63: =SUM(G63+I63) -> 0 | L63: =IF(OR(H63<>"",J63<>""),SUM(H63,J63),"") -> 0
C64: Frekans konvertörü pano içerisine akuple olacaktır. | J64: =SUM(E64*I64) -> 0 | K64: =SUM(G64+I64) -> 0 | L64: =IF(OR(H64<>"",J64<>""),SUM(H64,J64),"") -> 0
B65: 19.1 | C65: PAKET TİP REZERVUAR SUYU HİDROFORU (2 Asıl - 1 Yedek) MONTAJ BEDELİ | J65: =SUM(E65*I65) -> 0 | K65: =SUM(G65+I65) -> 0 | L65: =IF(OR(H65<>"",J65<>""),SUM(H65,J65),"") -> 0
C66: V = 3 Ad * 4.0 m³/h ; Hm : 50-65 mSS (Frekans konvertörlü) (Genleşme Deposu Dahil) | E66: 1 | F66: Grup | I66: 58000 | J66: =SUM(E66*I66) -> 58000 | K66: =SUM(G66+I66) -> 58000 | L66: =IF(OR(H66<>"",J66<>""),SUM(H66,J66),"") -> 58000
B67: 19.2 | C67: PAKET TİP YAĞMUR SUYU AKTARIM HİDROFORU (1 Asıl - 1 Yedek) MONTAJ BEDELİ | J67: =SUM(E67*I67) -> 0 | K67: =SUM(G67+I67) -> 0 | L67: =IF(OR(H67<>"",J67<>""),SUM(H67,J67),"") -> 0
C68: V = 2 Ad * 3.0 m³/h ; Hm :60 mSS (Frekans konvertörlü) (Genleşme Deposu Dahil) | E68: 1 | F68: Grup | I68: 58000 | J68: =SUM(E68*I68) -> 58000 | K68: =SUM(G68+I68) -> 58000 | L68: =IF(OR(H68<>"",J68<>""),SUM(H68,J68),"") -> 58000
B69: 19.3 | C69: PAKET TİP YUMUŞAK SU HİDROFORU (2 Asıl - 1 Yedek) MONTAJ BEDELİ | J69: =SUM(E69*I69) -> 0 | K69: =SUM(G69+I69) -> 0 | L69: =IF(OR(H69<>"",J69<>""),SUM(H69,J69),"") -> 0
C70: Sonraki etaplar netleştiğinde alınacaktır. | J70: =SUM(E70*I70) -> 0 | K70: =SUM(G70+I70) -> 0 | L70: =IF(OR(H70<>"",J70<>""),SUM(H70,J70),"") -> 0
C71: V = 3 Ad * 6.0 m³/h ; Hm : 50-65 mSS (Frekans konvertörlü) (Genleşme Deposu Dahil) | E71: 1 | F71: Grup | I71: 58000 | J71: =SUM(E71*I71) -> 58000 | K71: =SUM(G71+I71) -> 58000 | L71: =IF(OR(H71<>"",J71<>""),SUM(H71,J71),"") -> 58000
B72: 19.4 | C72: PAKET TİP YUMUŞAK SU AKTARIM HİDROFORU (1 Asıl - 1 Yedek) MONTAJ BEDELİ | J72: =SUM(E72*I72) -> 0 | K72: =SUM(G72+I72) -> 0 | L72: =IF(OR(H72<>"",J72<>""),SUM(H72,J72),"") -> 0
C73: Sonraki etaplar netleştiğinde alınacaktır. | J73: =SUM(E73*I73) -> 0 | K73: =SUM(G73+I73) -> 0 | L73: =IF(OR(H73<>"",J73<>""),SUM(H73,J73),"") -> 0
C74: V = 2 Ad * 2.0 m³/h ; Hm : 60 mSS (Frekans konvertörlü) (Genleşme Deposu Dahil) | E74: 1 | F74: Grup | I74: 58000 | J74: =SUM(E74*I74) -> 58000 | K74: =SUM(G74+I74) -> 58000 | L74: =IF(OR(H74<>"",J74<>""),SUM(H74,J74),"") -> 58000
B75: 19.5 | C75: PAKET TİP KULLANMA SUYU HİDROFORU (2 Asıl - 1 Yedek) MONTAJ BEDELİ | J75: =SUM(E75*I75) -> 0 | K75: =SUM(G75+I75) -> 0 | L75: =IF(OR(H75<>"",J75<>""),SUM(H75,J75),"") -> 0
C76: V = 3 Ad * 7.0 m³/h ; Hm : 50-65 mSS (Frekans konvertörlü) | E76: 1 | F76: Grup | I76: 58000 | J76: =SUM(E76*I76) -> 58000 | K76: =SUM(G76+I76) -> 58000 | L76: =IF(OR(H76<>"",J76<>""),SUM(H76,J76),"") -> 58000
B77: 20 | C77: YAĞMUR SUYU DEZENFEKSİYON SİSTEMİ MONTAJ BEDELİ | J77: =SUM(E77*I77) -> 0 | K77: =SUM(G77+I77) -> 0 | L77: =IF(OR(H77<>"",J77<>""),SUM(H77,J77),"") -> 0
C78: V = 3 m³/h | E78: 1 | F78: Grup | I78: 58000 | J78: =SUM(E78*I78) -> 58000 | K78: =SUM(G78+I78) -> 58000 | L78: =IF(OR(H78<>"",J78<>""),SUM(H78,J78),"") -> 58000
B79: =MAX(INDIRECT(CONCATENATE(ADDRESS(4,2,1,1),":",ADDRESS(ROW()-1,2,4,1))))+1 -> 21 | C79: DRENAJ POMPASI MONTAJ BEDELİ | J79: =SUM(E79*I79) -> 0 | K79: =SUM(G79+I79) -> 0 | L79: =IF(OR(H79<>"",J79<>""),SUM(H79,J79),"") -> 0
C80: Sistemin çalışması için gerekli olan elektrik panosu+küresel vanalar ve toplu | J80: =SUM(E80*I80) -> 0 | K80: =SUM(G80+I80) -> 0 | L80: =IF(OR(H80<>"",J80<>""),SUM(H80,J80),"") -> 0
C81: çek valfler dahil Tam Takım Halinde | J81: =SUM(E81*I81) -> 0 | K81: =SUM(G81+I81) -> 0 | L81: =IF(OR(H81<>"",J81<>""),SUM(H81,J81),"") -> 0
C82: V = 11 m³/h ; Hm : 11 mSS | E82: 2 | F82: Grup | I82: 50000 | J82: =SUM(E82*I82) -> 100000 | K82: =SUM(G82+I82) -> 50000 | L82: =IF(OR(H82<>"",J82<>""),SUM(H82,J82),"") -> 100000
B83: =MAX(INDIRECT(CONCATENATE(ADDRESS(4,2,1,1),":",ADDRESS(ROW()-1,2,4,1))))+1 -> 22 | C83: KULLANMA SUYU YUMUŞATMA SİSTEMİ (TANDEM) MONTAJ BEDELİ | J83: =SUM(E83*I83) -> 0 | K83: =SUM(G83+I83) -> 0 | L83: =IF(OR(H83<>"",J83<>""),SUM(H83,J83),"") -> 0
C84: V = 2.0 m³/h | E84: 1 | F84: Grup | I84: 60000 | J84: =SUM(E84*I84) -> 60000 | K84: =SUM(G84+I84) -> 60000 | L84: =IF(OR(H84<>"",J84<>""),SUM(H84,J84),"") -> 60000
B85: =MAX(INDIRECT(CONCATENATE(ADDRESS(4,2,1,1),":",ADDRESS(ROW()-1,2,4,1))))+1 -> 23 | C85: ATIK SU POMPASI (PARÇALAYICI BIÇAKLI) MONTAJ BEDELİ | J85: =SUM(E85*I85) -> 0 | K85: =SUM(G85+I85) -> 0 | L85: =IF(OR(H85<>"",J85<>""),SUM(H85,J85),"") -> 0
C86: Sistemin çalışması için gerekli olan elektrik panosu+küresel vanalar ve toplu | J86: =SUM(E86*I86) -> 0 | K86: =SUM(G86+I86) -> 0 | L86: =IF(OR(H86<>"",J86<>""),SUM(H86,J86),"") -> 0
C87: çek valfler dahil Tam Takım Halinde | J87: =SUM(E87*I87) -> 0 | K87: =SUM(G87+I87) -> 0 | L87: =IF(OR(H87<>"",J87<>""),SUM(H87,J87),"") -> 0
C88: V = 2 m³/h ; Hm : 10 mSS | E88: 2 | F88: Grup | I88: 50000 | J88: =SUM(E88*I88) -> 100000 | K88: =SUM(G88+I88) -> 50000 | L88: =IF(OR(H88<>"",J88<>""),SUM(H88,J88),"") -> 100000
B89: =MAX(INDIRECT(CONCATENATE(ADDRESS(4,2,1,1),":",ADDRESS(ROW()-1,2,4,1))))+1 -> 24 | C89: SU SAYACI | J89: =SUM(E89*I89) -> 0 | K89: =SUM(G89+I89) -> 0 | L89: =IF(OR(H89<>"",J89<>""),SUM(H89,J89),"") -> 0
C90: Yerel yönetim standartlarına uygun (Buski Tarafından Temin Edilecektir) | J90: =SUM(E90*I90) -> 0 | K90: =SUM(G90+I90) -> 0 | L90: =IF(OR(H90<>"",J90<>""),SUM(H90,J90),"") -> 0
C91: 2" | E91: 1 | F91: Adet | I91: 4500 | J91: =SUM(E91*I91) -> 4500 | K91: =SUM(G91+I91) -> 4500 | L91: =IF(OR(H91<>"",J91<>""),SUM(H91,J91),"") -> 4500
B92: =MAX(INDIRECT(CONCATENATE(ADDRESS(4,2,1,1),":",ADDRESS(ROW()-1,2,4,1))))+1 -> 25 | C92: MANYETİK GÖSTERGELİ SEVİYE KONTROL CİHAZI | J92: =SUM(E92*I92) -> 0 | K92: =SUM(G92+I92) -> 0 | L92: =IF(OR(H92<>"",J92<>""),SUM(H92,J92),"") -> 0
C93: Oransal seviye okuma ve BMS bilgisayar sistemine 0-10 V sinyal verebilen | J93: =SUM(E93*I93) -> 0 | K93: =SUM(G93+I93) -> 0 | L93: =IF(OR(H93<>"",J93<>""),SUM(H93,J93),"") -> 0
C94: elektronik panosu ile birlikte. Plastik elektrik panosu içine konularak, | J94: =SUM(E94*I94) -> 0 | K94: =SUM(G94+I94) -> 0 | L94: =IF(OR(H94<>"",J94<>""),SUM(H94,J94),"") -> 0
C95: selenoid vana, flatör v.b. bağlantıları yapılmış, çalışır vaziyette teslimi. | J95: =SUM(E95*I95) -> 0 | K95: =SUM(G95+I95) -> 0 | L95: =IF(OR(H95<>"",J95<>""),SUM(H95,J95),"") -> 0
C96: Şamandıra 360º manyetik alan sağlamalıdır. Montaj detayları için verilecek | J96: =SUM(E96*I96) -> 0 | K96: =SUM(G96+I96) -> 0 | L96: =IF(OR(H96<>"",J96<>""),SUM(H96,J96),"") -> 0
C97: detaylara uygun olacaktır. | J97: =SUM(E97*I97) -> 0 | K97: =SUM(G97+I97) -> 0 | L97: =IF(OR(H97<>"",J97<>""),SUM(H97,J97),"") -> 0
C98: L=4 000 mm. Pano+4 Sezgi elemanı dahil.Gövde 2" | E98: 5 | F98: Grup | I98: 832 | J98: =SUM(E98*I98) -> 4160 | K98: =SUM(G98+I98) -> 832 | L98: =IF(OR(H98<>"",J98<>""),SUM(H98,J98),"") -> 4160
B99: =MAX(INDIRECT(CONCATENATE(ADDRESS(4,2,1,1),":",ADDRESS(ROW()-1,2,4,1))))+1 -> 26 | C99: SERVOMOTORLU SELENOİD VANA PN16 ve SEVİYE FLATÖRÜ | J99: =SUM(E99*I99) -> 0 | K99: =SUM(G99+I99) -> 0 | L99: =IF(OR(H99<>"",J99<>""),SUM(H99,J99),"") -> 0
C100: Kullanım suyu, yangın, ham su, bahçe sulama, havuz denge depoları dolum- | J100: =SUM(E100*I100) -> 0 | K100: =SUM(G100+I100) -> 0 | L100: =IF(OR(H100<>"",J100<>""),SUM(H100,J100),"") -> 0
C101: ları selenoid vana, flatör veya su seviyesi kontrol cihazları ile sağlanacaktır. | J101: =SUM(E101*I101) -> 0 | K101: =SUM(G101+I101) -> 0 | L101: =IF(OR(H101<>"",J101<>""),SUM(H101,J101),"") -> 0
...

Sheet HAVALANDIRMA
B2: FIRMA-A FABRİKA Havalandırma Tesisatı Keşif Özeti
B3: SIRA NO | C3: CİNSİ TANIMI | D3: MARKASI | E3: MİKTAR | F3: BİRİM | G3: MALZEME | I3: İŞÇİLİK | K3: TOPLAM
G4: BİRİM FİYAT | H4: TUTAR | I4: BİRİM FİYAT | J4: TUTAR | K4: BİRİM FİYAT | L4: TUTAR
B5: 1 | C5: SIĞINAK TAZE HAVA CİHAZI MONTAJ BEDELİ | L5: =IF(OR(H5<>"",J5<>""),SUM(H5,J5),"")
C6: Tavan Tipi - İstenilensayıda gözetleme camı bulunacaktır. | L6: =IF(OR(H6<>"",J6<>""),SUM(H6,J6),"")
C7: Hücreler: Taze Hava Emiş + G4 Filtre +F7 Filtre+Hepa Filtre+Kurşun Separatör+ Aktif Karbon +Karışım hüçresi+ | L7: =IF(OR(H7<>"",J7<>""),SUM(H7,J7),"")
C8: G4 Filtre +Vantratör
C9: Elektrik Motoru IE3 enerji sınıfında olacaktır | L9: =IF(OR(H9<>"",J9<>""),SUM(H9,J9),"")
C10: Vvant =500 m³/h, Hcd =150Pa | E10: 1 | F10: Adet | I10: 11500 | J10: =SUM(E10*I10) -> 11500 | K10: =SUM(G10+I10) -> 11500 | L10: =IF(OR(H10<>"",J10<>""),SUM(H10,J10),"") -> 11500
B11: =+B5+1 -> 2 | C11: KANAL TİPİ WC EGZOST ASPİRATÖRÜ | J11: =SUM(E11*I11) -> 0 | K11: =SUM(G11+I11) -> 0 | L11: =IF(OR(H11<>"",J11<>""),SUM(H11,J11),"") -> 0
C12: Kanal tipi fanlar hız anahtarı veya frekans konvertörü ile beraber temin edilecektir. | J12: =SUM(E12*I12) -> 0 | K12: =SUM(G12+I12) -> 0 | L12: =IF(OR(H12<>"",J12<>""),SUM(H12,J12),"") -> 0
C13: Vasp:400 m³/h Hcd:200 pa | E13: 1 | F13: Adet | I13: 5000 | J13: =SUM(E13*I13) -> 5000 | K13: =SUM(G13+I13) -> 5000 | L13: =IF(OR(H13<>"",J13<>""),SUM(H13,J13),"") -> 5000
C14: Vasp:500 m³/h Hcd:200 pa | E14: 1 | F14: Adet | I14: 5000 | J14: =SUM(E14*I14) -> 5000 | K14: =SUM(G14+I14) -> 5000 | L14: =IF(OR(H14<>"",J14<>""),SUM(H14,J14),"") -> 5000
C15: Vasp:1 000 m³/h Hcd:200 pa | E15: 1 | F15: Adet | I15: 5000 | J15: =SUM(E15*I15) -> 5000 | K15: =SUM(G15+I15) -> 5000 | L15: =IF(OR(H15<>"",J15<>""),SUM(H15,J15),"") -> 5000
C16: Vasp:720 m³/h Hcd:200 pa | E16: 1 | F16: Adet | I16: 5000 | J16: =SUM(E16*I16) -> 5000 | K16: =SUM(G16+I16) -> 5000 | L16: =IF(OR(H16<>"",J16<>""),SUM(H16,J16),"") -> 5000
C17: Vasp:400 m³/h Hcd:200 pa | E17: 1 | F17: Adet | I17: 5000 | J17: =SUM(E17*I17) -> 5000 | K17: =SUM(G17+I17) -> 5000 | L17: =IF(OR(H17<>"",J17<>""),SUM(H17,J17),"") -> 5000
B18: =MAX(INDIRECT(CONCATENATE(ADDRESS(4,2,1,1),":",ADDRESS(ROW()-1,2,4,1))))+1 -> 3 | C18: GALVANİZ SACTAN İMAL HAVA KANALLARI | J18: =SUM(E18*I18) -> 0 | K18: =SUM(G18+I18) -> 0 | L18: =IF(OR(H18<>"",J18<>""),SUM(H18,J18),"") -> 0
C19: (Kendinden Flansli ) | J19: =SUM(E19*I19) -> 0 | K19: =SUM(G19+I19) -> 0 | L19: =IF(OR(H19<>"",J19<>""),SUM(H19,J19),"") -> 0
C20: Özel parçalar (dirsek,tee,redüksiyün v.s.) net ölçüsünün 1,50 katı | J20: =SUM(E20*I20) -> 0 | K20: =SUM(G20+I20) -> 0 | L20: =IF(OR(H20<>"",J20<>""),SUM(H20,J20),"") -> 0
C21: olarak ölçülülendirilip, fiyatlandırılacaktır. | J21: =SUM(E21*I21) -> 0 | K21: =SUM(G21+I21) -> 0 | L21: =IF(OR(H21<>"",J21<>""),SUM(H21,J21),"") -> 0
C22: U profiller ile tij arasına metal | J22: =SUM(E22*I22) -> 0 | K22: =SUM(G22+I22) -> 0 | L22: =IF(OR(H22<>"",J22<>""),SUM(H22,J22),"") -> 0
C23: metale titreşimi engelleyecek kauçuk izolatörler konulacaktır. | J23: =SUM(E23*I23) -> 0 | K23: =SUM(G23+I23) -> 0 | L23: =IF(OR(H23<>"",J23<>""),SUM(H23,J23),"") -> 0
C24: Kanal ile taşıyıcı U profiller arasına EPDM levhalar konulacaktır. | J24: =SUM(E24*I24) -> 0 | K24: =SUM(G24+I24) -> 0 | L24: =IF(OR(H24<>"",J24<>""),SUM(H24,J24),"") -> 0
C25: Hava kanallarının duvar, perde ve yangın kaçış koridorlarından geçtiği | J25: =SUM(E25*I25) -> 0 | K25: =SUM(G25+I25) -> 0 | L25: =IF(OR(H25<>"",J25<>""),SUM(H25,J25),"") -> 0
C26: noktalarda, gerekli izolasyon ve önlemler alınacaktır. Bu detaylar için | J26: =SUM(E26*I26) -> 0 | K26: =SUM(G26+I26) -> 0 | L26: =IF(OR(H26<>"",J26<>""),SUM(H26,J26),"") -> 0
C27: uluslararası SMACNA, AHREA,FEMA v.b. standartların ön gördüğü | J27: =SUM(E27*I27) -> 0 | K27: =SUM(G27+I27) -> 0 | L27: =IF(OR(H27<>"",J27<>""),SUM(H27,J27),"") -> 0
C28: detaylar uygulanacaktır. | J28: =SUM(E28*I28) -> 0 | K28: =SUM(G28+I28) -> 0 | L28: =IF(OR(H28<>"",J28<>""),SUM(H28,J28),"") -> 0
C29: Galvaniz Sactan, En geniş kenarı 600 mm'ye kadar 0,60 mm | E29: 47 | F29: m² | I29: 1250 | J29: =SUM(E29*I29) -> 58750 | K29: =SUM(G29+I29) -> 1250 | L29: =IF(OR(H29<>"",J29<>""),SUM(H29,J29),"") -> 58750
C30: Galvaniz Sactan, En geniş kenarı 1250 mm'ye kadar 0,80 mm | E30: 3 | F30: m² | I30: 1250 | J30: =SUM(E30*I30) -> 3750 | K30: =SUM(G30+I30) -> 1250 | L30: =IF(OR(H30<>"",J30<>""),SUM(H30,J30),"") -> 3750
B31: =MAX(INDIRECT(CONCATENATE(ADDRESS(4,2,1,1),":",ADDRESS(ROW()-1,2,4,1))))+1 -> 4 | C31: İZOLESİZ FLEXIBLE HAVA KANALLARI ( PVC malzeme den imal edilmiş) | J31: =SUM(E31*I31) -> 0 | K31: =SUM(G31+I31) -> 0 | L31: =IF(OR(H31<>"",J31<>""),SUM(H31,J31),"") -> 0
C32: Ø102 | E32: 38 | F32: mt | I32: 385 | J32: =SUM(E32*I32) -> 14630 | K32: =SUM(G32+I32) -> 385 | L32: =IF(OR(H32<>"",J32<>""),SUM(H32,J32),"") -> 14630
C33: Ø127 | E33: 4 | F33: mt | I33: 385 | J33: =SUM(E33*I33) -> 1540 | K33: =SUM(G33+I33) -> 385 | L33: =IF(OR(H33<>"",J33<>""),SUM(H33,J33),"") -> 1540
C34: Ø152 | E34: 5 | F34: mt | I34: 385 | J34: =SUM(E34*I34) -> 1925 | K34: =SUM(G34+I34) -> 385 | L34: =IF(OR(H34<>"",J34<>""),SUM(H34,J34),"") -> 1925
B35: =MAX(INDIRECT(CONCATENATE(ADDRESS(4,2,1,1),":",ADDRESS(ROW()-1,2,4,1))))+1 -> 5 | C35: TEK SIRA KANATLI MENFEZ ve İÇTEN 6 mm. NFAF MALZEME İLE İZOLELİ DİFÜZÖR KUTUSU | J35: =SUM(E35*I35) -> 0 | K35: =SUM(G35+I35) -> 0 | L35: =IF(OR(H35<>"",J35<>""),SUM(H35,J35),"") -> 0
C36: 150x150 mm | E36: 6 | F36: Adet | I36: 2000 | J36: =SUM(E36*I36) -> 12000 | K36: =SUM(G36+I36) -> 2000 | L36: =IF(OR(H36<>"",J36<>""),SUM(H36,J36),"") -> 12000
B37: =MAX(INDIRECT(CONCATENATE(ADDRESS(4,2,1,1),":",ADDRESS(ROW()-1,2,4,1))))+1 -> 6 | C37: ÇİFT SIRA KANATLI MENFEZ ve İÇTEN 6 mm. NFAF MALZEME İLE İZOLELİ DİFÜZÖR KUTUSU | J37: =SUM(E37*I37) -> 0 | K37: =SUM(G37+I37) -> 0 | L37: =IF(OR(H37<>"",J37<>""),SUM(H37,J37),"") -> 0
C38: 300x200 mm | E38: 2 | F38: Adet | I38: 2000 | J38: =SUM(E38*I38) -> 4000 | K38: =SUM(G38+I38) -> 2000 | L38: =IF(OR(H38<>"",J38<>""),SUM(H38,J38),"") -> 4000
B39: =MAX(INDIRECT(CONCATENATE(ADDRESS(4,2,1,1),":",ADDRESS(ROW()-1,2,4,1))))+1 -> 7 | C39: GEMİCİ WC ANEMOSTATI | J39: =SUM(E39*I39) -> 0 | K39: =SUM(G39+I39) -> 0 | L39: =IF(OR(H39<>"",J39<>""),SUM(H39,J39),"") -> 0
C40: Ø100 mm. | E40: 17 | F40: Adet | I40: 770 | J40: =SUM(E40*I40) -> 13090 | K40: =SUM(G40+I40) -> 770 | L40: =IF(OR(H40<>"",J40<>""),SUM(H40,J40),"") -> 13090
B41: =MAX(INDIRECT(CONCATENATE(ADDRESS(4,2,1,1),":",ADDRESS(ROW()-1,2,4,1))))+1 -> 8 | C41: TAZE HAVA / EGSOZT PANJURU | J41: =SUM(E41*I41) -> 0 | K41: =SUM(G41+I41) -> 0 | L41: =IF(OR(H41<>"",J41<>""),SUM(H41,J41),"") -> 0
C42: Taze hava ve egzost panjurları mimari grubun verdiği renge boyanacaktır. | J42: =SUM(E42*I42) -> 0 | K42: =SUM(G42+I42) -> 0 | L42: =IF(OR(H42<>"",J42<>""),SUM(H42,J42),"") -> 0
C43: Boya ve renk değişikliği için ekstra bedel ödenmeyecektir. Panjurların | J43: =SUM(E43*I43) -> 0 | K43: =SUM(G43+I43) -> 0 | L43: =IF(OR(H43<>"",J43<>""),SUM(H43,J43),"") -> 0
C44: içinde kuş teli kafes bulunacaktır. Panjur tipi, kontrol mekanizmasına | J44: =SUM(E44*I44) -> 0 | K44: =SUM(G44+I44) -> 0 | L44: =IF(OR(H44<>"",J44<>""),SUM(H44,J44),"") -> 0
C45: onaylatıldıktan sonra satın alınma yapılacaktır.Panjurların yaratacağı maksimum | J45: =SUM(E45*I45) -> 0 | K45: =SUM(G45+I45) -> 0 | L45: =IF(OR(H45<>"",J45<>""),SUM(H45,J45),"") -> 0
C46: basınç kaybı değerleri 100 pa degerinde olacaktır.panjur hızı ise maksimum V=4 m/sn | E46: 1 | F46: m² | I46: 3500 | J46: =SUM(E46*I46) -> 3500 | K46: =SUM(G46+I46) -> 3500 | L46: =IF(OR(H46<>"",J46<>""),SUM(H46,J46),"") -> 3500
B47: =MAX(INDIRECT(CONCATENATE(ADDRESS(4,2,1,1),":",ADDRESS(ROW()-1,2,4,1))))+1 -> 9 | C47: TEL KAFES | E47: 1 | F47: m² | I47: 3500 | J47: =SUM(E47*I47) -> 3500 | K47: =SUM(G47+I47) -> 3500 | L47: =IF(OR(H47<>"",J47<>""),SUM(H47,J47),"") -> 3500
C48: PREFABRİK ASKI VE MONTAJ ELAMANLARI | J48: =SUM(E48*I48) -> 0 | K48: =SUM(G48+I48) -> 0 | L48: =IF(OR(H48<>"",J48<>""),SUM(H48,J48),"") -> 0
C49: Onaylı imalat projelerine göre, gerekli statik ve mukavemet hesaplamaları yapılmış olan, TSE K 90 kriterlerine uygun, | J49: =SUM(E49*I49) -> 0 | K49: =SUM(G49+I49) -> 0 | L49: =IF(OR(H49<>"",J49<>""),SUM(H49,J49),"") -> 0
C50: soğuk şekillendirme yöntemiyle üretilmiş, S235 JR kalite çelik malzemeden imal edilmiş, TS EN 10346'ya uygun, | J50: =SUM(E50*I50) -> 0 | K50: =SUM(G50+I50) -> 0 | L50: =IF(OR(H50<>"",J50<>""),SUM(H50,J50),"") -> 0
C51: pre-galvanizli sac mamulden veya TS EN ISO 1461‘e uygun sıcak daldırma galvaniz kaplaması yapılan | J51: =SUM(E51*I51) -> 0 | K51: =SUM(G51+I51) -> 0 | L51: =IF(OR(H51<>"",J51<>""),SUM(H51,J51),"") -> 0
C52: G veya Kutu kesitli, 1,5 mm ila 4 mm arasında et kalınlığına sahip delikli profillerden ve bu profillere bağlanmış | J52: =SUM(E52*I52) -> 0 | K52: =SUM(G52+I52) -> 0 | L52: =IF(OR(H52<>"",J52<>""),SUM(H52,J52),"") -> 0
C53: kelepçelerden oluşan modüler profil sistemi. Bağlantı parçaları (TS EN ISO 898-1 / TS EN ISO 4014,TS EN | J53: =SUM(E53*I53) -> 0 | K53: =SUM(G53+I53) -> 0 | L53: =IF(OR(H53<>"",J53<>""),SUM(H53,J53),"") -> 0
C54: ISO 898-2 / TS EN ISO 4032,TS EN ISO 898-3 kalitede) civata-somun-pul sistemi ile bilteştirilebilen, üretici firma tarafından | J54: =SUM(E54*I54) -> 0 | K54: =SUM(G54+I54) -> 0 | L54: =IF(OR(H54<>"",J54<>""),SUM(H54,J54),"") -> 0
C55: profesyonel bir hesap programı ile statik yükler altında mukavemet ve ankraj hesapları yapılarak hazırlanan, hesap raporları | J55: =SUM(E55*I55) -> 0 | K55: =SUM(G55+I55) -> 0 | L55: =IF(OR(H55<>"",J55<>""),SUM(H55,J55),"") -> 0
C56: ile tasarlanacak tüm modüler konsol sisteminin tavan bağlantı bazaları, köşe birleştirme, kelepçe ve tüm bağantı parçaları dahil, | J56: =SUM(E56*I56) -> 0 | K56: =SUM(G56+I56) -> 0 | L56: =IF(OR(H56<>"",J56<>""),SUM(H56,J56),"") -> 0
C57: yerine montajlı şekilde teslimi | E57: 250 | F57: Kg. | I57: 125 | J57: =SUM(E57*I57) -> 31250 | K57: =SUM(G57+I57) -> 125 | L57: =IF(OR(H57<>"",J57<>""),SUM(H57,J57),"") -> 31250
L58: =IF(OR(H58<>"",J58<>""),SUM(H58,J58),"")
B60: GENEL TOPLAM ( TL - TÜRK LİRASI ) | L60: =SUM(L5:L58) -> 184435

Sheet YANGIN
B2: FIRMA-A FABRİKA Yangın Tesisatı Keşif Özeti
B3: SIRA NO | C3: CİNSİ TANIMI | D3: MARKASI | E3: MİKTAR | F3: BİRİM | G3: MALZEME | I3: İŞÇİLİK | K3: TOPLAM
G4: BİRİM FİYAT | H4: TUTAR | I4: BİRİM FİYAT | J4: TUTAR | K4: BİRİM FİYAT | L4: TUTAR
B5: =MAX(INDIRECT(CONCATENATE(ADDRESS(4,2,1,1),":",ADDRESS(ROW()-1,2,4,1))))+1 -> 1 | C5: YANGIN SÖNDÜRME POMPASI GRUBU MONTAJ BEDELİ | L5: =IF(OR(H5<>"",J5<>""),SUM(H5,J5),"")
C6: Ana yangın pompaları için paket tip, end-suction Split case pompalar (ayrılabilir )- | L6: =IF(OR(H6<>"",J6<>""),SUM(H6,J6),"")
C7: ve jokey yangın pompası için dik tip santrüfüj pompa olacaktır. | L7: =IF(OR(H7<>"",J7<>""),SUM(H7,J7),"")
C8: Yangın pompalarının elektrik ve kontrol panoları, basınç prosestatları, emniyet ventili | L8: =IF(OR(H8<>"",J8<>""),SUM(H8,J8),"")
C9: yakıt tankı,akü şarj sistemi v.b. Ekipmanlar fiyata dahildir. | L9: =IF(OR(H9<>"",J9<>""),SUM(H9,J9),"")
C10: Pompalar ve Panoları NFPA bölüm 20'ye uygun olacaktır. | L10: =IF(OR(H10<>"",J10<>""),SUM(H10,J10),"")
C11: UL Listeli, FM onaylı olacaktır. | L11: =IF(OR(H11<>"",J11<>""),SUM(H11,J11),"")
C12: NFPA 20 ye uygunluğu a kredite olmuş bir kurumdan tetkik edilmiş olan evrakı verilecektir. | L12: =IF(OR(H12<>"",J12<>""),SUM(H12,J12),"")
C13: a)Ana yangın pompaları………….:1 Adet (Elektrikli) | L13: =IF(OR(H13<>"",J13<>""),SUM(H13,J13),"")
C14: Q : 140 m³/h; Hm = 9.5 bar | L14: =IF(OR(H14<>"",J14<>""),SUM(H14,J14),"")
C15: b)Ana yangın pompaları………….:1 Adet (Elektrik) | L15: =IF(OR(H15<>"",J15<>""),SUM(H15,J15),"")
C16: Q : 140 m³/h; Hm = 9.5 bar | L16: =IF(OR(H16<>"",J16<>""),SUM(H16,J16),"")
C17: c)Jokey yangın pompaları…………. : 1 Adet | L17: =IF(OR(H17<>"",J17<>""),SUM(H17,J17),"")
C18: Q :5.0 m³/h; Hm =10,0 bar | E18: 1 | F18: Grup | I18: 150000 | J18: =SUM(E18*I18) -> 150000 | K18: =SUM(G18+I18) -> 150000 | L18: =IF(OR(H18<>"",J18<>""),SUM(H18,J18),"") -> 150000
B19: =MAX(INDIRECT(CONCATENATE(ADDRESS(4,2,1,1),":",ADDRESS(ROW()-1,2,4,1))))+1 -> 2 | C19: TÜPLÜ TİP YANGIN DOLABI (TS-671/1'ye uygun) | J19: =SUM(E19*I19) -> 0 | K19: =SUM(G19+I19) -> 0 | L19: =IF(OR(H19<>"",J19<>""),SUM(H19,J19),"") -> 0
C20: Takriben 100x90x25 cm. iç ölçülerinde 1,5mm. DKP sacdan, kolayca | J20: =SUM(E20*I20) -> 0 | K20: =SUM(G20+I20) -> 0 | L20: =IF(OR(H20<>"",J20<>""),SUM(H20,J20),"") -> 0
C21: açılabilen iki kapağı dolap içinde 6 kg Tüp, hortumun kolayca açılıp, sarılabilen ma- | J21: =SUM(E21*I21) -> 0 | K21: =SUM(G21+I21) -> 0 | L21: =IF(OR(H21<>"",J21<>""),SUM(H21,J21),"") -> 0
C22: karası,30 mt. uzunluğunda 1" yarı sertkauçuk hortum, hortum hattına bağlı | J22: =SUM(E22*I22) -> 0 | K22: =SUM(G22+I22) -> 0 | L22: =IF(OR(H22<>"",J22<>""),SUM(H22,J22),"") -> 0
C23: 2" köşe tipi yangın vanası ve fıskiye,füz ve kesik olmak üzere 3 püskürtme pozisyonlu | E23: 24 | F23: Adet | I23: 4000 | J23: =SUM(E23*I23) -> 96000 | K23: =SUM(G23+I23) -> 4000 | L23: =IF(OR(H23<>"",J23<>""),SUM(H23,J23),"") -> 96000
B24: =MAX(INDIRECT(CONCATENATE(ADDRESS(4,2,1,1),":",ADDRESS(ROW()-1,2,4,1))))+1 -> 3 | C24: İTFAİYE SU ALMA AĞIZI (Tekli Tip) | J24: =SUM(E24*I24) -> 0 | K24: =SUM(G24+I24) -> 0 | L24: =IF(OR(H24<>"",J24<>""),SUM(H24,J24),"") -> 0
C25: Ø65 mm. çapında, Ø65/Ø50 mm.'ye hızlı rakor bağlantılı redüksiyon kaplini | J25: =SUM(E25*I25) -> 0 | K25: =SUM(G25+I25) -> 0 | L25: =IF(OR(H25<>"",J25<>""),SUM(H25,J25),"") -> 0
C26: sayesinde itfaiyenin Ø65 mm.ve Ø50 mm. Hortum kullanmasına imkan verecek | J26: =SUM(E26*I26) -> 0 | K26: =SUM(G26+I26) -> 0 | L26: =IF(OR(H26<>"",J26<>""),SUM(H26,J26),"") -> 0
C27: tipte olacaktır. Ø65 mm. köşe vanası fiyata dahildir. | E27: 8 | F27: Adet | I27: 4160 | J27: =SUM(E27*I27) -> 33280 | K27: =SUM(G27+I27) -> 4160 | L27: =IF(OR(H27<>"",J27<>""),SUM(H27,J27),"") -> 33280
B28: =MAX(INDIRECT(CONCATENATE(ADDRESS(4,2,1,1),":",ADDRESS(ROW()-1,2,4,1))))+1 -> 4 | C28: İTFAİYE BAĞLANTI AĞZI | J28: =SUM(E28*I28) -> 0 | K28: =SUM(G28+I28) -> 0 | L28: =IF(OR(H28<>"",J28<>""),SUM(H28,J28),"") -> 0
C29: UL,Fm onaylı. | J29: =SUM(E29*I29) -> 0 | K29: =SUM(G29+I29) -> 0 | L29: =IF(OR(H29<>"",J29<>""),SUM(H29,J29),"") -> 0
C30: Ø 65 x Ø 65 x Ø 100 mm çift ağızlı, isim plakalı ve damlatma ağızlı | E30: 1 | F30: Adet | I30: 4160 | J30: =SUM(E30*I30) -> 4160 | K30: =SUM(G30+I30) -> 4160 | L30: =IF(OR(H30<>"",J30<>""),SUM(H30,J30),"") -> 4160
B31: =MAX(INDIRECT(CONCATENATE(ADDRESS(4,2,1,1),":",ADDRESS(ROW()-1,2,4,1))))+1 -> 5 | C31: YANGIN HİDRANTI - DN100 | J31: =SUM(E31*I31) -> 0 | K31: =SUM(G31+I31) -> 0 | L31: =IF(OR(H31<>"",J31<>""),SUM(H31,J31),"") -> 0
C32: 2 x 2½"x4" - Açma Anahtarı ve hidtant alt destek parçası ve hidrant vanası dahil. | J32: =SUM(E32*I32) -> 0 | K32: =SUM(G32+I32) -> 0 | L32: =IF(OR(H32<>"",J32<>""),SUM(H32,J32),"") -> 0
C33: Otomatik drenaj vanalı tip olacaktır. | E33: 6 | F33: Adet | I33: 10000 | J33: =SUM(E33*I33) -> 60000 | K33: =SUM(G33+I33) -> 10000 | L33: =IF(OR(H33<>"",J33<>""),SUM(H33,J33),"") -> 60000
B34: =MAX(INDIRECT(CONCATENATE(ADDRESS(4,2,1,1),":",ADDRESS(ROW()-1,2,4,1))))+1 -> 6 | C34: SAHRA TİPİ DIŞ YANGIN DOLABI | J34: =SUM(E34*I34) -> 0 | K34: =SUM(G34+I34) -> 0 | L34: =IF(OR(H34<>"",J34<>""),SUM(H34,J34),"") -> 0
C35: Yangın dolabının tipi rengi ve modeli idareye danışılıp onay alındıktan sonra belirlenip alınacaktır. | E35: 6 | F35: Adet | I35: 4000 | J35: =SUM(E35*I35) -> 24000 | K35: =SUM(G35+I35) -> 4000 | L35: =IF(OR(H35<>"",J35<>""),SUM(H35,J35),"") -> 24000
B36: =MAX(INDIRECT(CONCATENATE(ADDRESS(4,2,1,1),":",ADDRESS(ROW()-1,2,4,1))))+1 -> 7 | C36: SİYAH ÇELİK BORULAR | J36: =SUM(E36*I36) -> 0 | K36: =SUM(G36+I36) -> 0 | L36: =IF(OR(H36<>"",J36<>""),SUM(H36,J36),"") -> 0
C37: DN 65( 2½") Dahil ve üst çaplardaki borular yivli bağlantı elamanı ile bağlanacaktır. | J37: =SUM(E37*I37) -> 0 | K37: =SUM(G37+I37) -> 0 | L37: =IF(OR(H37<>"",J37<>""),SUM(H37,J37),"") -> 0
C38: Diğer boru çaplarında dişli bağlantı kullanılacaktır. | J38: =SUM(E38*I38) -> 0 | K38: =SUM(G38+I38) -> 0 | L38: =IF(OR(H38<>"",J38<>""),SUM(H38,J38),"") -> 0
C39: Yangın Tesisatı için getirilen borular fabrikadan astar boyalı ve yivli olarak gelecektir. | J39: =SUM(E39*I39) -> 0 | K39: =SUM(G39+I39) -> 0 | L39: =IF(OR(H39<>"",J39<>""),SUM(H39,J39),"") -> 0
C40: 1" | E40: 460 | F40: mt. | I40: 650 | J40: =SUM(E40*I40) -> 299000 | K40: =SUM(G40+I40) -> 650 | L40: =IF(OR(H40<>"",J40<>""),SUM(H40,J40),"") -> 299000
C41: 1 ¼" | E41: 1580 | F41: mt. | I41: 700 | J41: =SUM(E41*I41) -> 1106000 | K41: =SUM(G41+I41) -> 700 | L41: =IF(OR(H41<>"",J41<>""),SUM(H41,J41),"") -> 1106000
C42: 1 ½" | E42: 60 | F42: mt. | I42: 750 | J42: =SUM(E42*I42) -> 45000 | K42: =SUM(G42+I42) -> 750 | L42: =IF(OR(H42<>"",J42<>""),SUM(H42,J42),"") -> 45000
C43: 2" | E43: 680 | F43: mt. | I43: 800 | J43: =SUM(E43*I43) -> 544000 | K43: =SUM(G43+I43) -> 800 | L43: =IF(OR(H43<>"",J43<>""),SUM(H43,J43),"") -> 544000
C44: 2 ½" | E44: 700 | F44: mt. | I44: 960 | J44: =SUM(E44*I44) -> 672000 | K44: =SUM(G44+I44) -> 960 | L44: =IF(OR(H44<>"",J44<>""),SUM(H44,J44),"") -> 672000
C45: 3" | E45: 10 | F45: mt. | I45: 1050 | J45: =SUM(E45*I45) -> 10500 | K45: =SUM(G45+I45) -> 1050 | L45: =IF(OR(H45<>"",J45<>""),SUM(H45,J45),"") -> 10500
C46: 4" | E46: 200 | F46: mt. | I46: 1120 | J46: =SUM(E46*I46) -> 224000 | K46: =SUM(G46+I46) -> 1120 | L46: =IF(OR(H46<>"",J46<>""),SUM(H46,J46),"") -> 224000
C47: 6" | E47: 260 | F47: mt. | I47: 2900 | J47: =SUM(E47*I47) -> 754000 | K47: =SUM(G47+I47) -> 2900 | L47: =IF(OR(H47<>"",J47<>""),SUM(H47,J47),"") -> 754000
C48: 8" | E48: 10 | F48: mt. | I48: 4150 | J48: =SUM(E48*I48) -> 41500 | K48: =SUM(G48+I48) -> 4150 | L48: =IF(OR(H48<>"",J48<>""),SUM(H48,J48),"") -> 41500
B49: =MAX(INDIRECT(CONCATENATE(ADDRESS(4,2,1,1),":",ADDRESS(ROW()-1,2,4,1))))+1 -> 8 | C49: SİYAH BORU MONTAJ MALZEME BEDELİ | F49: 0.5 | J49: {=SUM(J40:J48*F49)} -> 1848000 | K49: =SUM(G49+I49) -> 0 | L49: {=SUM(L40:L48*F49)} -> 1848000
C50: Flanş, Temizleme Kapağı+Dirsek Redüksiyon T Parçası Askı+Tij vb bütün elemanlar | J50: =SUM(E50*I50) -> 0 | K50: =SUM(G50+I50) -> 0 | L50: =IF(OR(H50<>"",J50<>""),SUM(H50,J50),"") -> 0
C51: Boru montaj malzeme bedeli oranları, Yüklenici tarafından tespit edilip, teklif edilecektir. | J51: =SUM(E51*I51) -> 0 | K51: =SUM(G51+I51) -> 0 | L51: =IF(OR(H51<>"",J51<>""),SUM(H51,J51),"") -> 0
B52: =MAX(INDIRECT(CONCATENATE(ADDRESS(4,2,1,1),":",ADDRESS(ROW()-1,2,4,1))))+1 -> 9 | C52: GALVANİZ BORULAR | J52: =SUM(E52*I52) -> 0 | K52: =SUM(G52+I52) -> 0 | L52: =IF(OR(H52<>"",J52<>""),SUM(H52,J52),"") -> 0
C53: Flanş, Temizleme Kapağı+Dirsek Redüksiyon T Parçası Askı+Tij vb bütün elemanlar | J53: =SUM(E53*I53) -> 0 | K53: =SUM(G53+I53) -> 0 | L53: =IF(OR(H53<>"",J53<>""),SUM(H53,J53),"") -> 0
C54: 2" | E54: 190 | F54: mt. | I54: 800 | J54: =SUM(E54*I54) -> 152000 | K54: =SUM(G54+I54) -> 800 | L54: =IF(OR(H54<>"",J54<>""),SUM(H54,J54),"") -> 152000
B55: =MAX(INDIRECT(CONCATENATE(ADDRESS(4,2,1,1),":",ADDRESS(ROW()-1,2,4,1))))+1 -> 10 | C55: GALVANİZ BORU MONTAJ MALZEME BEDELİ | F55: 0.5 | J55: =SUM(J54*F55) -> 76000 | K55: =SUM(G55+I55) -> 0 | L55: =SUM(L54*F55) -> 76000
C56: Flanş, Temizleme Kapağı+Dirsek Redüksiyon T Parçası Askı+Tij vb bütün elemanlar | J56: =SUM(E56*I56) -> 0 | K56: =SUM(G56+I56) -> 0 | L56: =IF(OR(H56<>"",J56<>""),SUM(H56,J56),"") -> 0
C57: Boru montaj malzeme bedeli oranları, Yüklenici tarafından tespit edilip, teklif edilecektir. | J57: =SUM(E57*I57) -> 0 | K57: =SUM(G57+I57) -> 0 | L57: =IF(OR(H57<>"",J57<>""),SUM(H57,J57),"") -> 0
B58: =MAX(INDIRECT(CONCATENATE(ADDRESS(4,2,1,1),":",ADDRESS(ROW()-1,2,4,1))))+1 -> 11 | C58: BORULARIN BOYANMASI | J58: =SUM(E58*I58) -> 0 | K58: =SUM(G58+I58) -> 0 | L58: =IF(OR(H58<>"",J58<>""),SUM(H58,J58),"") -> 0
C59: Boruların, 1 kat antipas boya ile 2 kat yağlı boya ile boyanması işi olup, | J59: =SUM(E59*I59) -> 0 | K59: =SUM(G59+I59) -> 0 | L59: =IF(OR(H59<>"",J59<>""),SUM(H59,J59),"") -> 0
C60: borular şantiyeye getirildiğinde bekletilmeden tiner ve üstü ile yağının | J60: =SUM(E60*I60) -> 0 | K60: =SUM(G60+I60) -> 0 | L60: =IF(OR(H60<>"",J60<>""),SUM(H60,J60),"") -> 0
C61: temizlenerek, ilk kat antipas boya yapıulacaktır. İmalattan önce 1.kat yağlı | J61: =SUM(E61*I61) -> 0 | K61: =SUM(G61+I61) -> 0 | L61: =IF(OR(H61<>"",J61<>""),SUM(H61,J61),"") -> 0
C62: boya, borular yerine asıldıktan sonra, son kat yağlı boya yapılacaktır. | J62: =SUM(E62*I62) -> 0 | K62: =SUM(G62+I62) -> 0 | L62: =IF(OR(H62<>"",J62<>""),SUM(H62,J62),"") -> 0
C63: 1"-2" arası (2" dahil) boruların boyanması | E63: =SUM(E40:E43) -> 2780 | F63: mt. | I63: 150 | J63: =SUM(E63*I63) -> 417000 | K63: =SUM(G63+I63) -> 150 | L63: =IF(OR(H63<>"",J63<>""),SUM(H63,J63),"") -> 417000
C64: 2"-4" arası (4" dahil) boruların boyanması | E64: =SUM(E44:E46) -> 910 | F64: mt. | I64: 155 | J64: =SUM(E64*I64) -> 141050 | K64: =SUM(G64+I64) -> 155 | L64: =IF(OR(H64<>"",J64<>""),SUM(H64,J64),"") -> 141050
C65: 4"-6" arası (6" dahil) boruların boyanması | E65: =SUM(E47) -> 260 | F65: mt. | I65: 160 | J65: =SUM(E65*I65) -> 41600 | K65: =SUM(G65+I65) -> 160 | L65: =IF(OR(H65<>"",J65<>""),SUM(H65,J65),"") -> 41600
C66: 8" boruların boyanması | E66: =E48 -> 10 | F66: mt. | I66: 166 | J66: =SUM(E66*I66) -> 1660 | K66: =SUM(G66+I66) -> 166 | L66: =IF(OR(H66<>"",J66<>""),SUM(H66,J66),"") -> 1660
B67: =MAX(INDIRECT(CONCATENATE(ADDRESS(4,2,1,1),":",ADDRESS(ROW()-1,2,4,1))))+1 -> 12 | C67: HDPE (HIGH DENSITY POLIETILEN BORU) PE100 - PN16 | J67: =SUM(E67*I67) -> 0 | K67: =SUM(G67+I67) -> 0 | L67: =IF(OR(H67<>"",J67<>""),SUM(H67,J67),"") -> 0
C68: Ø125 mm. | E68: 20 | F68: mt. | I68: 1050 | J68: =SUM(E68*I68) -> 21000 | K68: =SUM(G68+I68) -> 1050 | L68: =IF(OR(H68<>"",J68<>""),SUM(H68,J68),"") -> 21000
C69: Ø200 mm. | E69: 800 | F69: mt. | I69: 1500 | J69: =SUM(E69*I69) -> 1200000 | K69: =SUM(G69+I69) -> 1500 | L69: =IF(OR(H69<>"",J69<>""),SUM(H69,J69),"") -> 1200000
B70: =MAX(INDIRECT(CONCATENATE(ADDRESS(4,2,1,1),":",ADDRESS(ROW()-1,2,4,1))))+1 -> 13 | C70: HDPE BORU MONTAJ MALZEME BEDELİ | F70: 0.7 | J70: {=SUM(J68:J69*F70)} -> 854700 | K70: =SUM(G70+I70) -> 0 | L70: {=SUM(L68:L69*F70)} -> 854700
C71: Dirsek, Çatal Redüksiyon, Mak. Dairesindeki flanşlar vidalar ve konsol, askı vb. montaj elemanları. | J71: =SUM(E71*I71) -> 0 | K71: =SUM(G71+I71) -> 0
C72: Boru montaj malzeme bedeli oranları, Yüklenici tarafından tespit edilip, teklif edilecektir. | J72: =SUM(E72*I72) -> 0 | K72: =SUM(G72+I72) -> 0
B73: =MAX(INDIRECT(CONCATENATE(ADDRESS(4,2,1,1),":",ADDRESS(ROW()-1,2,4,1))))+1 -> 14 | C73: RİJİT VEYA ESNEK TİP YİVLİ BAĞLANTI ELEMANI (KAPLİN) | J73: =SUM(E73*I73) -> 0 | K73: =SUM(G73+I73) -> 0 | L73: =IF(OR(H73<>"",J73<>""),SUM(H73,J73),"") -> 0
C74: 2 ½" ve üstü çaptaki yangın tesisatı boruları, yivli bağlantı ve | J74: =SUM(E74*I74) -> 0 | K74: =SUM(G74+I74) -> 0 | L74: =IF(OR(H74<>"",J74<>""),SUM(H74,J74),"") -> 0
C75: yerine göre esnek ve rijit bağlantı elemanları vasıtasıyla birleştirilecektir. | J75: =SUM(E75*I75) -> 0 | K75: =SUM(G75+I75) -> 0 | L75: =IF(OR(H75<>"",J75<>""),SUM(H75,J75),"") -> 0
C76: 2 ½" | E76: =ROUNDUP(E44/4,0) -> 175 | F76: Adet | I76: 700 | J76: =SUM(E76*I76) -> 122500 | K76: =SUM(G76+I76) -> 700 | L76: =IF(OR(H76<>"",J76<>""),SUM(H76,J76),"") -> 122500
C77: 3" | E77: =ROUNDUP(E45/4,0) -> 3 | F77: Adet | I77: 720 | J77: =SUM(E77*I77) -> 2160 | K77: =SUM(G77+I77) -> 720 | L77: =IF(OR(H77<>"",J77<>""),SUM(H77,J77),"") -> 2160
C78: 4" | E78: =ROUNDUP(E46/4,0) -> 50 | F78: Adet | I78: 750 | J78: =SUM(E78*I78) -> 37500 | K78: =SUM(G78+I78) -> 750 | L78: =IF(OR(H78<>"",J78<>""),SUM(H78,J78),"") -> 37500
C79: 6" | E79: =ROUNDUP(E47/4,0) -> 65 | F79: Adet | I79: 772 | J79: =SUM(E79*I79) -> 50180 | K79: =SUM(G79+I79) -> 772 | L79: =IF(OR(H79<>"",J79<>""),SUM(H79,J79),"") -> 50180
C80: 8" | E80: =ROUNDUP(E48/4,0) -> 3 | F80: Adet | I80: 800 | J80: =SUM(E80*I80) -> 2400 | K80: =SUM(G80+I80) -> 800 | L80: =IF(OR(H80<>"",J80<>""),SUM(H80,J80),"") -> 2400
B81: =MAX(INDIRECT(CONCATENATE(ADDRESS(4,2,1,1),":",ADDRESS(ROW()-1,2,4,1))))+1 -> 15 | C81: OTOMATİK SPRİNKLER KAFASI (Up-right-Dik Tip) | J81: =SUM(E81*I81) -> 0 | K81: =SUM(G81+I81) -> 0 | L81: =IF(OR(H81<>"",J81<>""),SUM(H81,J81),"") -> 0
C82: UL Listeli, FM onaylı olacaktır. | J82: =SUM(E82*I82) -> 0 | K82: =SUM(G82+I82) -> 0 | L82: =IF(OR(H82<>"",J82<>""),SUM(H82,J82),"") -> 0
C83: Sprinklerin Km Katsayıları baz alınacaktır. | J83: =SUM(E83*I83) -> 0 | K83: =SUM(G83+I83) -> 0 | L83: =IF(OR(H83<>"",J83<>""),SUM(H83,J83),"") -> 0
C84: Ø15mm.orifisli , 68°C aktivasyon sıcaklığına sahip, rozeti dahil.Km:80 | E84: 73 | F84: Adet | I84: 450 | J84: =SUM(E84*I84) -> 32850 | K84: =SUM(G84+I84) -> 450 | L84: =IF(OR(H84<>"",J84<>""),SUM(H84,J84),"") -> 32850
C85: Ø20 mm.orifisli , 68°C aktivasyon sıcaklığına sahip, Km:115 | E85: 906 | F85: Adet | I85: 450 | J85: =SUM(E85*I85) -> 407700 | K85: =SUM(G85+I85) -> 450 | L85: =IF(OR(H85<>"",J85<>""),SUM(H85,J85),"") -> 407700
B86: =MAX(INDIRECT(CONCATENATE(ADDRESS(4,2,1,1),":",ADDRESS(ROW()-1,2,4,1))))+1 -> 16 | C86: OTOMATİK SPRİNKLER KAFASI (Pendent-Sarkık Tip) | J86: =SUM(E86*I86) -> 0 | K86: =SUM(G86+I86) -> 0 | L86: =IF(OR(H86<>"",J86<>""),SUM(H86,J86),"") -> 0
C87: UL Listeli, FM onaylı olacaktır. | J87: =SUM(E87*I87) -> 0 | K87: =SUM(G87+I87) -> 0 | L87: =IF(OR(H87<>"",J87<>""),SUM(H87,J87),"") -> 0
C88: Sprinklerin Km Katsayıları baz alınacaktır. | J88: =SUM(E88*I88) -> 0 | K88: =SUM(G88+I88) -> 0 | L88: =IF(OR(H88<>"",J88<>""),SUM(H88,J88),"") -> 0
C89: Ø15mm.orifisli , 68°C aktivasyon sıcaklığına sahip, rozeti dahil.Km:80-hızlı tepkimeli | E89: 1 | F89: Adet | I89: 450 | J89: =SUM(E89*I89) -> 450 | K89: =SUM(G89+I89) -> 450 | L89: =IF(OR(H89<>"",J89<>""),SUM(H89,J89),"") -> 450
B90: =MAX(INDIRECT(CONCATENATE(ADDRESS(4,2,1,1),":",ADDRESS(ROW()-1,2,4,1))))+1 -> 17 | C90: FLEKSİBLE SPRİNKLER BAĞLANTI HORTUMU | J90: =SUM(E90*I90) -> 0 | K90: =SUM(G90+I90) -> 0 | L90: =IF(OR(H90<>"",J90<>""),SUM(H90,J90),"") -> 0
C91: UL Listeli, FM onaylı olacaktır. | J91: =SUM(E91*I91) -> 0 | K91: =SUM(G91+I91) -> 0 | L91: =IF(OR(H91<>"",J91<>""),SUM(H91,J91),"") -> 0
C92: DN25, L: 700 mm. | E92: 1 | F92: Adet | I92: 450 | J92: =SUM(E92*I92) -> 450 | K92: =SUM(G92+I92) -> 450 | L92: =IF(OR(H92<>"",J92<>""),SUM(H92,J92),"") -> 450
B93: =MAX(INDIRECT(CONCATENATE(ADDRESS(4,2,1,1),":",ADDRESS(ROW()-1,2,4,1))))+1 -> 18 | C93: İZLEME ANAHTARLI KELEBEK VANA | J93: =SUM(E93*I93) -> 0 | K93: =SUM(G93+I93) -> 0 | L93: =IF(OR(H93<>"",J93<>""),SUM(H93,J93),"") -> 0
C94: Redüktör Kutulu | J94: =SUM(E94*I94) -> 0 | K94: =SUM(G94+I94) -> 0 | L94: =IF(OR(H94<>"",J94<>""),SUM(H94,J94),"") -> 0
C95: UL , FM onaylı olacaktır. | J95: =SUM(E95*I95) -> 0 | K95: =SUM(G95+I95) -> 0 | L95: =IF(OR(H95<>"",J95<>""),SUM(H95,J95),"") -> 0
C96: 1½" | E96: 1 | F96: Adet | I96: 830 | J96: =SUM(E96*I96) -> 830 | K96: =SUM(G96+I96) -> 830 | L96: =IF(OR(H96<>"",J96<>""),SUM(H96,J96),"") -> 830
C97: 2" | E97: 4 | F97: Adet | I97: 1160 | J97: =SUM(E97*I97) -> 4640 | K97: =SUM(G97+I97) -> 1160 | L97: =IF(OR(H97<>"",J97<>""),SUM(H97,J97),"") -> 4640
C98: 2½" | E98: 3 | F98: Adet | I98: 2500 | J98: =SUM(E98*I98) -> 7500 | K98: =SUM(G98+I98) -> 2500 | L98: =IF(OR(H98<>"",J98<>""),SUM(H98,J98),"") -> 7500
C99: 3" | E99: 2 | F99: Adet | I99: 3000 | J99: =SUM(E99*I99) -> 6000 | K99: =SUM(G99+I99) -> 3000 | L99: =IF(OR(H99<>"",J99<>""),SUM(H99,J99),"") -> 6000
C100: 4" | E100: 1 | F100: Adet | I100: 3500 | J100: =SUM(E100*I100) -> 3500 | K100: =SUM(G100+I100) -> 3500 | L100: =IF(OR(H100<>"",J100<>""),SUM(H100,J100),"") -> 3500
C101: 6" | E101: 8 | F101: Adet | I101: 3800 | J101: =SUM(E101*I101) -> 30400 | K101: =SUM(G101+I101) -> 3800 | L101: =IF(OR(H101<>"",J101<>""),SUM(H101,J101),"") -> 30400
...

Sheet VRV-VRF
B2: FIRMA-A FABRİKA Vrv-Vrf Tesisatı Keşif Özeti
B3: SIRA NO | C3: CİNSİ TANIMI | D3: MARKASI | E3: MİKTAR | F3: BİRİM | G3: MALZEME | I3: İŞÇİLİK | K3: TOPLAM
G4: BİRİM FİYAT | H4: TUTAR | I4: BİRİM FİYAT | J4: TUTAR | K4: BİRİM FİYAT | L4: TUTAR
B5: 1 | C5: VRF- VRV-VRS SİSTEM İÇ ÜNİTELER MONTAJ BEDELİ
B6: 1.1 | C6: VRF İÇ ÜNİTE (KOMPAKT DÖRT YÖNE ÜFLEMELİ) | L6: =IF(OR(H6<>"",J6<>""),SUM(H6,J6),"")
C7: Nominal Soğutma kapasitesi :2,2 Kw | L7: =IF(OR(H7<>"",J7<>""),SUM(H7,J7),"")
C8: NominaI Isıtma kapasitesi :2,5 Kw | E8: 2 | F8: Adet | L8: =IF(OR(H8<>"",J8<>""),SUM(H8,J8),"")
B9: 1.2 | C9: VRF İÇ ÜNİTE (KOMPAKT DÖRT YÖNE ÜFLEMELİ) | L9: =IF(OR(H9<>"",J9<>""),SUM(H9,J9),"")
C10: Nominal Soğutma kapasitesi :3,6 Kw | L10: =IF(OR(H10<>"",J10<>""),SUM(H10,J10),"")
C11: NominaI Isıtma kapasitesi :4,0 Kw | E11: 1 | F11: Adet | L11: =IF(OR(H11<>"",J11<>""),SUM(H11,J11),"")
B12: 1.3 | C12: VRF İÇ ÜNİTE (DÖRT YÖNE ÜFLEMELİ) | L12: =IF(OR(H12<>"",J12<>""),SUM(H12,J12),"")
C13: Nominal Soğutma kapasitesi :2,8 Kw | L13: =IF(OR(H13<>"",J13<>""),SUM(H13,J13),"")
C14: NominaI Isıtma kapasitesi :3,2 Kw | E14: 1 | F14: Adet | L14: =IF(OR(H14<>"",J14<>""),SUM(H14,J14),"")
B15: 1.4 | C15: VRF İÇ ÜNİTE (DÖRT YÖNE ÜFLEMELİ) | L15: =IF(OR(H15<>"",J15<>""),SUM(H15,J15),"")
C16: Nominal Soğutma kapasitesi :3,6 Kw | L16: =IF(OR(H16<>"",J16<>""),SUM(H16,J16),"")
C17: NominaI Isıtma kapasitesi :4,0 Kw | E17: 7 | F17: Adet | L17: =IF(OR(H17<>"",J17<>""),SUM(H17,J17),"")
B18: 1.5 | C18: VRF İÇ ÜNİTE (DÖRT YÖNE ÜFLEMELİ) | L18: =IF(OR(H18<>"",J18<>""),SUM(H18,J18),"")
C19: Nominal Soğutma kapasitesi :4,5 Kw | L19: =IF(OR(H19<>"",J19<>""),SUM(H19,J19),"")
C20: NominaI Isıtma kapasitesi :5,0 Kw | E20: 3 | F20: Adet | L20: =IF(OR(H20<>"",J20<>""),SUM(H20,J20),"")
B21: 1.6 | C21: VRF İÇ ÜNİTE (DÖRT YÖNE ÜFLEMELİ) | L21: =IF(OR(H21<>"",J21<>""),SUM(H21,J21),"")
C22: Nominal Soğutma kapasitesi :7,1 Kw | L22: =IF(OR(H22<>"",J22<>""),SUM(H22,J22),"")
C23: NominaI Isıtma kapasitesi :8,0 Kw | E23: 3 | F23: Adet | L23: =IF(OR(H23<>"",J23<>""),SUM(H23,J23),"")
B24: 1.7 | C24: VRF İÇ ÜNİTE (DÖRT YÖNE ÜFLEMELİ) | L24: =IF(OR(H24<>"",J24<>""),SUM(H24,J24),"")
C25: Nominal Soğutma kapasitesi :11,2 Kw | L25: =IF(OR(H25<>"",J25<>""),SUM(H25,J25),"")
C26: NominaI Isıtma kapasitesi :12,5 Kw | E26: 1 | F26: Adet | L26: =IF(OR(H26<>"",J26<>""),SUM(H26,J26),"")
B27: 2 | C27: DIŞ ÜNİTELER VRF- VRV SİSTEM | L27: =IF(OR(H27<>"",J27<>""),SUM(H27,J27),"")
B28: 2.1 | C28: DIŞ ÜNİTE – HAVA SOĞUTMALI VRV-VRF ( HEAT PUMP ) MONTAJ BEDELİ | L28: =IF(OR(H28<>"",J28<>""),SUM(H28,J28),"")
C29: Nominal Soğutma kapasitesi :28,0 Kw | L29: =IF(OR(H29<>"",J29<>""),SUM(H29,J29),"")
C30: NominaI Isıtma kapasitesi :31,5 Kw | E30: 1 | F30: Adet | L30: =IF(OR(H30<>"",J30<>""),SUM(H30,J30),"")
B31: 2.2 | C31: DIŞ ÜNİTE – HAVA SOĞUTMALI VRV-VRF ( HEAT PUMP ) MONTAJ BEDELİ | L31: =IF(OR(H31<>"",J31<>""),SUM(H31,J31),"")
C32: Nominal Soğutma kapasitesi :33,5 Kw | L32: =IF(OR(H32<>"",J32<>""),SUM(H32,J32),"")
C33: NominaI Isıtma kapasitesi :37,5 Kw | E33: 1 | F33: Adet | L33: =IF(OR(H33<>"",J33<>""),SUM(H33,J33),"")
B34: =MAX(INDIRECT(CONCATENATE(ADDRESS(4,2,1,1),":",ADDRESS(ROW()-1,2,4,1))))+1 -> 3.2 | C34: BAĞLANTI ELEMANI (JOİNT) MONTAJ BEDELİ | L34: =IF(OR(H34<>"",J34<>""),SUM(H34,J34),"")
C35: 20 kW Altı Kapasiteler (2 Çıkışlı) | E35: 10 | F35: Adet | L35: =IF(OR(H35<>"",J35<>""),SUM(H35,J35),"")
C36: 20-29 kW Arası Kapasiteler (2 Çıkışlı) | E36: 5 | F36: Adet | L36: =IF(OR(H36<>"",J36<>""),SUM(H36,J36),"")
C37: 29-64 kW Arası Kapasiteler (2 Çıkışlı) | E37: 1 | F37: Adet | L37: =IF(OR(H37<>"",J37<>""),SUM(H37,J37),"")
B38: =MAX(INDIRECT(CONCATENATE(ADDRESS(4,2,1,1),":",ADDRESS(ROW()-1,2,4,1))))+1 -> 4.2 | C38: KABLOLU UZAKTAN KUMANDA MONTAJ BEDELİ | E38: =E8+E11+E14+E17+E20+E23+E26 -> 18 | F38: Adet | L38: =IF(OR(H38<>"",J38<>""),SUM(H38,J38),"")
B39: =MAX(INDIRECT(CONCATENATE(ADDRESS(4,2,1,1),":",ADDRESS(ROW()-1,2,4,1))))+1 -> 5.2 | C39: MERKEZİ KUMANDA MONTAJ BEDELİ | L39: =IF(OR(H39<>"",J39<>""),SUM(H39,J39),"")
C40: (64 iç üniteyi kontrol edebilen kumanda) | E40: 2 | F40: Adet | L40: =IF(OR(H40<>"",J40<>""),SUM(H40,J40),"")
B41: =MAX(INDIRECT(CONCATENATE(ADDRESS(4,2,1,1),":",ADDRESS(ROW()-1,2,4,1))))+1 -> 6.2 | C41: BAKIR BORULAMA ve İZOLASYONU | L41: =IF(OR(H41<>"",J41<>""),SUM(H41,J41),"")
C42: Bakır boru ve kauçuk esaslı malzeme ile izolasyonu; ( Ø 6,35* 0.8 mm ) - İzolasyon Kalınlığı 13 mm | E42: 75 | F42: mt | L42: =IF(OR(H42<>"",J42<>""),SUM(H42,J42),"")
C43: Bakır boru ve kauçuk esaslı malzeme ile izolasyonu; ( Ø 9.52* 0.8 mm ) - İzolasyon Kalınlığı 13 mm | E43: 90 | F43: mt | L43: =IF(OR(H43<>"",J43<>""),SUM(H43,J43),"")
C44: Bakır boru ve kauçuk esaslı malzeme ile izolasyonu; ( Ø 12.70 * 0.9 mm ) - İzolasyon Kalınlığı 13 mm | E44: 95 | F44: mt | L44: =IF(OR(H44<>"",J44<>""),SUM(H44,J44),"")
C45: Bakır boru ve kauçuk esaslı malzeme ile izolasyonu; ( Ø 15.88 * 1.0 mm) - İzolasyon Kalınlığı 13 mm | E45: 55 | F45: mt | L45: =IF(OR(H45<>"",J45<>""),SUM(H45,J45),"")
C46: Bakır boru ve kauçuk esaslı malzeme ile izolasyonu; ( Ø 19.05 * 1.0 mm) - İzolasyon Kalınlığı 13 mm | E46: 30 | F46: mt | L46: =IF(OR(H46<>"",J46<>""),SUM(H46,J46),"")
C47: Bakır boru ve kauçuk esaslı malzeme ile izolasyonu; ( Ø 22.22 * 1.2 mm) - İzolasyon Kalınlığı 19 mm | E47: 15 | F47: mt | L47: =IF(OR(H47<>"",J47<>""),SUM(H47,J47),"")
C48: Bakır boru ve kauçuk esaslı malzeme ile izolasyonu; ( Ø 28.58 * 1.2 mm ) - İzolasyon Kalınlığı 19 mm | E48: 6 | F48: mt | L48: =IF(OR(H48<>"",J48<>""),SUM(H48,J48),"")
B49: =MAX(INDIRECT(CONCATENATE(ADDRESS(4,2,1,1),":",ADDRESS(ROW()-1,2,4,1))))+1 -> 7.2 | C49: BAKIR BORU FİTTİNGS VE MONTAJ MALZEMESİ | F49: % | L49: =IF(OR(H49<>"",J49<>""),SUM(H49,J49),"")
C50: Boru montaj malzeme bedeli oranları, Yüklenici tarafından tespit edilip, teklif edilecektir. | L50: =IF(OR(H50<>"",J50<>""),SUM(H50,J50),"")
B51: =MAX(INDIRECT(CONCATENATE(ADDRESS(4,2,1,1),":",ADDRESS(ROW()-1,2,4,1))))+1 -> 8.2 | C51: GAZ ŞARJI ; R410A | E51: 15 | F51: kg | L51: =IF(OR(H51<>"",J51<>""),SUM(H51,J51),"")
B52: =MAX(INDIRECT(CONCATENATE(ADDRESS(4,2,1,1),":",ADDRESS(ROW()-1,2,4,1))))+1 -> 9.2 | C52: VRV - VRF SİSTEM SİNYALİZASYON KABLOSU | L52: =IF(OR(H52<>"",J52<>""),SUM(H52,J52),"")
C53: (2*1,5mm2 blendajlı) | E53: 280 | F53: mt | L53: =IF(OR(H53<>"",J53<>""),SUM(H53,J53),"")
B54: =MAX(INDIRECT(CONCATENATE(ADDRESS(4,2,1,1),":",ADDRESS(ROW()-1,2,4,1))))+1 -> 10.2 | C54: KUMANDA KABLOSU | L54: =IF(OR(H54<>"",J54<>""),SUM(H54,J54),"")
C55: TTR 3x0,75 mm² | E55: =E38*5 -> 90 | F55: mt | L55: =IF(OR(H55<>"",J55<>""),SUM(H55,J55),"")
B56: =MAX(INDIRECT(CONCATENATE(ADDRESS(4,2,1,1),":",ADDRESS(ROW()-1,2,4,1))))+1 -> 11.2 | C56: SERT PVC PLASTİK İÇME SUYU BORULARI | L56: =IF(OR(H56<>"",J56<>""),SUM(H56,J56),"")
C57: Ø25 | E57: 80 | F57: mt | L57: =IF(OR(H57<>"",J57<>""),SUM(H57,J57),"")
C58: Ø32 | E58: 35 | F58: mt | L58: =IF(OR(H58<>"",J58<>""),SUM(H58,J58),"")
C59: Ø40 | E59: 5 | F59: mt | L59: =IF(OR(H59<>"",J59<>""),SUM(H59,J59),"")
B60: =MAX(INDIRECT(CONCATENATE(ADDRESS(4,2,1,1),":",ADDRESS(ROW()-1,2,4,1))))+1 -> 12.2 | C60: SERT PVC PLASTİK İÇME SUYU BORULAR FİTTİNGS MALZEMESİ BEDELİ | F60: % | L60: =IF(OR(H60<>"",J60<>""),SUM(H60,J60),"")
C61: Boru montaj malzeme bedeli oranları, Yüklenici tarafından tespit edilip, teklif edilecektir. | L61: =IF(OR(H61<>"",J61<>""),SUM(H61,J61),"")
B62: =MAX(INDIRECT(CONCATENATE(ADDRESS(4,2,1,1),":",ADDRESS(ROW()-1,2,4,1))))+1 -> 13.2 | C62: PREFABRİK ASKI VE MONTAJ ELAMANLARI | L62: =IF(OR(H62<>"",J62<>""),SUM(H62,J62),"")
C63: İç ünitelerin asılma işleri içindir. | L63: =IF(OR(H63<>"",J63<>""),SUM(H63,J63),"")
C64: Daldırma galvaniz prefabrik askı konsolları ile sehim yapmayacak şekilde yük hesabına | L64: =IF(OR(H64<>"",J64<>""),SUM(H64,J64),"")
C65: uygun konsollama gerçekleştirilecek ve idarenin onayı doğrultusunda uygulanacaktır. | E65: 250 | F65: kg | L65: =IF(OR(H65<>"",J65<>""),SUM(H65,J65),"")
C66: Galvaniz prefabrik askı konsollarının montajı için gerekli tüm ekipmanlar profil, tij, somun vb. dahil komple. | L66: =IF(OR(H66<>"",J66<>""),SUM(H66,J66),"")
C69: GENEL TOPLAM ( TL - TÜRK LİRASI ) | L69: =SUM(L6:L66) -> 0

Sheet SIFONIK YAĞMUR
B2: FIRMA-A FABRİKA SİFONİK YAĞMUR TESİSATI KEŞİF ÖZETİ
B3: SIRA NO | C3: CİNSİ TANIMI | D3: MARKASI | E3: MİKTAR | F3: BİRİM | G3: MALZEME | I3: İŞÇİLİK | K3: TOPLAM
G4: BİRİM FİYAT | H4: TUTAR | I4: BİRİM FİYAT | J4: TUTAR | K4: BİRİM FİYAT | L4: TUTAR
B5: =MAX(INDIRECT(CONCATENATE(ADDRESS(4,2,1,1),":",ADDRESS(ROW()-1,2,4,1))))+1 -> 1 | C5: SİFONİK YAĞMUR SÜZGECİ | L5: =IF(OR(H5<>"",J5<>""),SUM(H5,J5),"")
C6: 12 l/s paslanmaz Flanşlı-Contalı-Elektrikli ısıtıcılı | E6: 16 | F6: Adet | L6: =IF(OR(H6<>"",J6<>""),SUM(H6,J6),"")
C7: 25 l/s paslanmaz Flanşlı-Contalı Elektrikli ısıtıcılı | E7: 8 | F7: Adet | L7: =IF(OR(H7<>"",J7<>""),SUM(H7,J7),"")
B8: =MAX(INDIRECT(CONCATENATE(ADDRESS(4,2,1,1),":",ADDRESS(ROW()-1,2,4,1))))+1 -> 2 | C8: HDPE BORU | L8: =IF(OR(H8<>"",J8<>""),SUM(H8,J8),"")
C9: 50 mm | E9: 6 | F9: mt. | L9: =IF(OR(H9<>"",J9<>""),SUM(H9,J9),"")
C10: 56 mm | E10: 6 | F10: mt. | L10: =IF(OR(H10<>"",J10<>""),SUM(H10,J10),"")
C11: 63 mm | E11: 12 | F11: mt. | L11: =IF(OR(H11<>"",J11<>""),SUM(H11,J11),"")
C12: 75 mm | E12: 90 | F12: mt. | L12: =IF(OR(H12<>"",J12<>""),SUM(H12,J12),"")
C13: 90 mm | E13: 48 | F13: mt. | L13: =IF(OR(H13<>"",J13<>""),SUM(H13,J13),"")
C14: 110 mm | E14: 114 | F14: mt. | L14: =IF(OR(H14<>"",J14<>""),SUM(H14,J14),"")
C15: 125 mm | E15: 138 | F15: mt. | L15: =IF(OR(H15<>"",J15<>""),SUM(H15,J15),"")
C16: 160 mm | E16: 252 | F16: mt. | L16: =IF(OR(H16<>"",J16<>""),SUM(H16,J16),"")
C17: 200 mm | E17: 138 | F17: mt. | L17: =IF(OR(H17<>"",J17<>""),SUM(H17,J17),"")
B18: =MAX(INDIRECT(CONCATENATE(ADDRESS(4,2,1,1),":",ADDRESS(ROW()-1,2,4,1))))+1 -> 3 | C18: BORULARIN KAUÇUK ESASLI PREFABRİK MALZEME | L18: =IF(OR(H18<>"",J18<>""),SUM(H18,J18),"")
C19: İLE İZOLASYONUN YAPILMASI
C20: Tüm borular alimünyum folyo kaplanacaktır.
C21: 50 mm - 13 mm | F21: mt. | L21: =IF(OR(H21<>"",J21<>""),SUM(H21,J21),"")
C22: 56 mm - 13 mm | E22: 6 | F22: mt. | L22: =IF(OR(H22<>"",J22<>""),SUM(H22,J22),"")
C23: 63 mm - 13 mm | E23: 12 | F23: mt. | L23: =IF(OR(H23<>"",J23<>""),SUM(H23,J23),"")
C24: 75 mm - 13 mm | E24: 90 | F24: mt. | L24: =IF(OR(H24<>"",J24<>""),SUM(H24,J24),"")
C25: 90 mm - 13 mm | E25: 48 | F25: mt. | L25: =IF(OR(H25<>"",J25<>""),SUM(H25,J25),"")
C26: 110 mm - 13 mm | E26: 114 | F26: mt. | L26: =IF(OR(H26<>"",J26<>""),SUM(H26,J26),"")
C27: 125 mm - 13 mm | E27: 138 | F27: mt. | L27: =IF(OR(H27<>"",J27<>""),SUM(H27,J27),"")
C28: 160 mm - 13 mm | E28: 252 | F28: mt. | L28: =IF(OR(H28<>"",J28<>""),SUM(H28,J28),"")
C29: 200 mm - 13 mm | E29: 138 | F29: mt. | L29: =IF(OR(H29<>"",J29<>""),SUM(H29,J29),"")
B30: =MAX(INDIRECT(CONCATENATE(ADDRESS(4,2,1,1),":",ADDRESS(ROW()-1,2,4,1))))+1 -> 4 | C30: GOFRAJLI ALUMİNYUM SAC İLE KAPLANMASI | L30: =IF(OR(H30<>"",J30<>""),SUM(H30,J30),"")
C31: Özel parçalar (dirsek,tee,redüksiyün v.s.) net ölçüsünün 1,35 katı olarak ölçülülendirilip, fiyatlandırılacaktır. | L31: =IF(OR(H31<>"",J31<>""),SUM(H31,J31),"")
C32: s : 0,8 mm. | E32: 500 | F32: m² | L32: =IF(OR(H32<>"",J32<>""),SUM(H32,J32),"")
B33: =MAX(INDIRECT(CONCATENATE(ADDRESS(4,2,1,1),":",ADDRESS(ROW()-1,2,4,1))))+1 -> 5 | C33: HDPE BORU MONTAJ MALZEME BEDELİ | F33: % | L33: =IF(OR(H33<>"",J33<>""),SUM(H33,J33),"")
C34: Dirsek ,Çatal Rediksüyon, flanşlar, Vidalar ve konsol .Askı ... vb montaj elamanları | L34: =IF(OR(H34<>"",J34<>""),SUM(H34,J34),"")
C35: Boru montaj malzeme bedeli oranları, Yüklenici tarafından tespit edilip, teklif edilecektir. | L35: =IF(OR(H35<>"",J35<>""),SUM(H35,J35),"")
B36: =MAX(INDIRECT(CONCATENATE(ADDRESS(4,2,1,1),":",ADDRESS(ROW()-1,2,4,1))))+1 -> 6 | C36: BORU SABİTLEME MALZELERİ | F36: % | L36: =IF(OR(H36<>"",J36<>""),SUM(H36,J36),"")
C37: Rrofil,levha,vida,kelepce,ayarlama aparatları…. Vb | L37: =IF(OR(H37<>"",J37<>""),SUM(H37,J37),"")
C38: Malzeme bedeli oranları, Yüklenici tarafından tespit edilip, teklif edilecektir. | L38: =IF(OR(H38<>"",J38<>""),SUM(H38,J38),"")
B39: =MAX(INDIRECT(CONCATENATE(ADDRESS(4,2,1,1),":",ADDRESS(ROW()-1,2,4,1))))+1 -> 7 | C39: SİSMİK SINIRLAYICI | F39: % | L39: =IF(OR(H39<>"",J39<>""),SUM(H39,J39),"")
C40: Profil,halat… vb | L40: =IF(OR(H40<>"",J40<>""),SUM(H40,J40),"")
C41: Malzeme bedeli oranları, Yüklenici tarafından tespit edilip, teklif edilecektir. | L41: =IF(OR(H41<>"",J41<>""),SUM(H41,J41),"")
B44: GENEL TOPLAM ( TL - TÜRK LİRASI ) | L44: =SUM(L5:L41) -> 0
