Workbook
Name ABD_271125: #REF!
Name AD_271125: #REF!
Name ATEKSİS_061225: #REF!
Name AVRP_271125: #REF!
Name BAKİ_031225: #REF!
Name BORUSANDİŞ_031225: #REF!
Name BORUSANYİV_031225: #REF!
Name BOYA_031225: #REF!
Name BURİNOKS_031225: #REF!
Name CLAVAL_031225: #REF!
Name FETAŞ_031225: #REF!
Name GALVDİŞFİT_031225: #REF!
Name GALVFİT_031225: #REF!
Name HAKAN_031225: #REF!
Name HDPEFİT_031225: #REF!
Name İGG_271125: #REF!
Name İŞÇL_271125: #REF!
Name KAYSE_051225: #REF!
Name KOLLEKTÖR_031225: #REF!
Name KONSOL_031225: #REF!
Name LİNK_051225: #REF!
Name MGG_271125: #REF!
Name PASLFİT_031225: #REF!
Name PATTERSON_031225: #REF!
Name PLT_031225: #REF!
Name SİYAHDİŞFİT_031225: #REF!
Name SİYAHYİVFİT_031225: #REF!
Name TYCO_031225: #REF!
Name VİCTAULİC_031225: #REF!
Name VİKİNG_260126: [1]Degişken!$E$30
Name WİKİNG_031225: #REF!
Name YRL_271125: #REF!
Name ZEKA_031225: #REF!
Name ZETTLER_031225: #REF!

Sheet İcmal
B2: FIRMA-C ENTEGRE SAHA-UC TEİSİSİ YANGIN TESİSATI
B5: FİRMA: | D5: FIRMA-C ENTEGRE
B6: İLGİLİ: | D6: HASAN SEVİNDİK
B7: KONU: | D7: YANGIN TESİSATI
B8: TARİH:
B9: TEKLİF NO:
B10: ADRES: | D10: KOCAELİ/SAHA-UC
B11: S.N | C11: AÇIKLAMA | E11: İŞÇİLİK TOPLAM
B12: 1 | C12: Yangın Pompası | E12: =Yangın.Pompa.Odası!G244 -> 270850
B13: 2 | C13: Hidrant Sistemi | D13: Otomatik Sprinkler | E13: =Hidrant.Sistemi!G150 -> 8303150
B14: 3 | C14: Pres2-3 Çelik Kule Yangın Dolabı | E14: ='Pres2-3 Çelik Kule'!F17 -> 1153500
B15: 4 | C15: Trafo Su Püskürtme Sistemi | D15: Otomatik Sprinkler | E15: =Trafo.Su.Püskürtme!G176 -> 751120
B16: 5 | C16: Otomatik Sprinkler Sistemi | D16: Otomatik Sprinkler | E16: =Sprinkler.Sistemi!G78 -> 49111550
B17: 6 | C17: Konveyör Sprinkler Sistemi | D17: Otomatik Sprinkler | E17: =Konveyör.Sprink!H284 -> 2343160
B18: 7 | C18: Toz Ambarı Södürme Sistemi | D18: Otomatik Sprinkler | E18: =Toz.Ambarı!G71 -> 92190
B19: 8 | C19: Pompa Odası Söndürme Sistemi | D19: Otomatik Sprinkler | E19: =Pompa.Odası.Sprink!H20 -> 18180
B20: 9 | C20: Otomatik Köpüklü Söndürme Sistemi | D20: Otomatik Sprinkler | E20: =Otomatik.Köpüklü!G735 -> 0
B21: 11 | C21: Pasif Yangın Durdurucu | E21: =Yangın.Durdurucu!H16 -> 0
B22: Genel Toplam | E22: =SUM(E12:E21) -> 62043700
B24: NOTLAR ;

Sheet Yangın.Pompa.Odası
B2: FIRMA-C ENTEGRE SAHA-UC YANGIN TESİSATI TEKLİFİ
B7: No | C7: YANGIN POMPA ODASI | D7: Miktar | E7: Birim | F7: BİRİM FİYAT İŞÇİLİK | G7: TOPLAM FİYAT İŞÇİLİK
B10: 1 | C10: Dizel Motorlu Yangın Pompası | D10: 2 | E10: Adet | F10: 40000 | G10: =F10*D10 -> 80000
C11: Türü : Tek Kademeli, Yatay, Ayrılabilir Gövdeli (Horizontal Split-Case)
C12: Anma Debisi (Rated Flow) : 2000 gpm
C13: Anma Basıncı (Rated Head): 145 psi
C14: Kapalı Basma Basıncı : En Fazla 203 psi (Shut-Off Head)
C15: Motor Dönüş Yönü : Saat Yönünde (Clockwise)
C16: Uygunluk : NFPA 20'ye Uygun
C17: Gövde : Eksenel Bölünmüş Tip ve Dökme Demir
C18: Dizel Motor Türü : Yatay Milli
C19: Dizel Motor Soğutması : Su Soğutmalı (Basma Hattı Yangın Suyu)
C20: Yakıt Deposu : Kapasitesi NFPA 20’ye Uygun, Seviye Göstergeli
C21: Yakıt Deposu Nefesliği : Şapkalı Tip, Korozyon Dayanımlı
C22: İçindekiler : Yakıt Deposu, Egzoz, 2 Tk. Kuru Tip Akü, Motor Soğutma Hattı,
... C25: Üretici : Patterson, Armstrong
B26: 2 | C26: Dizel Motorlu Yangın Pompası Kontrol Paneli | D26: 2 | E26: Adet | G26: =F26*D26 -> 0
C27: Türü : Mikroişlemcili
C28: Koruma Sınıfı : Tam Kapalı ve Sızdırmaz Koruma (NEMA 4)
C29: Güç Beslemesi : 380 VAC/3-Ph//50Hz
C30: İçindekiler : Basınç Kumanda Cihazı, Yedek ve Asıl Aküler, Devresi, Otomatik
C31: Zaman Saati, Sistem Basıncı Kayıt Cihazı, Test Devresi, Min. Çalışma Süresi Zamanlayıcısı
C32: Onay : UL Listeli, FM Onaylı, CE Belgeli
B33: 3 | C33: Elektrik Motorlu Kaçak Pompası (Jokey Pompa) | D33: 1 | E33: Adet | F33: 20000 | G33: =F33*D33 -> 20000
C34: Türü : Dikey Milli, Çok Kademeli
C35: Anma Debisi : 20 gpm
C36: Anma Basıncı : 155 psi
C37: Elektrik Motor : ODP
C38: İçindekiler : Emniyet Ventili, Manometreler, Hava Atma Ventili
C39: Onay : TSE Onaylı, CE Belgeli
B40: 4 | C40: Elektrik Motorlu Kaçak Giderme Pompası (Jokey Pompa) Kontrol Paneli | D40: 1 | E40: Adet | G40: =F40*D40 -> 0
C41: Türü : Röleli
C42: Koruma Sınıfı : Tam Kapalı ve Sızdırmaz Koruma (NEMA 4)
C43: Gücü : Pompaya Uygun Olarak Seçilmiş
C44: İçindekiler : Basınç Kumanda Cihazı, Min. Çalışma Süresi Zamanlayıcısı,
C45: Çalışma Süresi Toplayıcısı (Totaliser)
C46: Onay : TSE Onaylı, CE Belgeli
B47: 5 | C47: Yükselen Milli Vana (OS&Y Valve) | D47: 2 | E47: Adet | F47: 6000 | G47: =F47*D47 -> 12000
C48: Çap : DN 250
C49: Vana Türü : Yükselen Milli Sürgülü
C50: Bağlantı Türü : Flanşlı
C51: Basınç Sınıfı : 175 psi
C52: Açılma : Volanlı
C53: Malzeme : - Vana Gövdesi : Dökme Demir
C54: Disk : EPDM Kaplamalı Döküm Demir
C55: Aksesuarlar : İzleme Anahtarlı (TKÇY)
C56: Üretici : Fivalco, Kennedy, Globe
C57: Onay : UL Listeli, FM Onaylı
B58: 6 | C58: Yükselen Milli Vana (OS&Y Valve) | D58: 1 | E58: Adet | F58: 1500 | G58: =F58*D58 -> 1500
C59: Yukarıdaki gibi ancak;
C60: Giriş – Çıkış : DN 32
B61: 7 | C61: Çek Vana | D61: 2 | E61: Adet | F61: 4000 | G61: =F61*D61 -> 8000
C62: Giriş – Çıkış : DN 250
C63: Tip : Çalparalı (Swing)
C64: Bağlantı : Flanşlı
C65: Basınç Sınıfı : 300 psi
C66: Montaj Biçimi : Dik veya yatay
C67: Üretici : Fivalco, Kennedy, Globe
C68: Onaylar : UL Listeli, FM Onaylı
B69: 8 | C69: Çek Vana | D69: 1 | E69: Adet | F69: 2000 | G69: =F69*D69 -> 2000
C70: Yukarıdaki gibi ancak;
C71: Giriş – Çıkış : DN 100
B72: 9 | C72: Çek Vana | D72: 1 | E72: Adet | F72: 750 | G72: =F72*D72 -> 750
C73: Yukarıdaki gibi ancak;
C74: Giriş – Çıkış : DN 32
B75: 10 | C75: Basınç Rahatlatma Vanası (Pressure Relief Valve) | D75: 2 | E75: Adet | F75: 3000 | G75: =F75*D75 -> 6000
C76: Çap : DN 150
C77: Bağlantı Türü : Flanşlı
C78: Basınç Sınıfı : 300 psi
C79: Onay : UL Listeli, FM Onaylı
B80: 11 | C80: Kelebek Vana, DN 300 | D80: 2 | E80: Adet | F80: 4500 | G80: =F80*D80 -> 9000
C81: Giriş – Çıkış : DN 300
C82: Bağlantı : Wafer Tip
C83: Basınç Sınıfı : 300 psi
C84: Montaj Biçimi : Dik-Yatay
C85: Açılma : Dişli Kutulu El Volanı ile
C86: Malzeme : Döküm Demir Gövdeli, Bronz Diskli
C87: Gösterge : Konum Gösteren İbreli
C88: Aksesuarlar : TKÇY İzleme Anahtarı ve 2 adet Bağlantı Kelepçesi ile
C89: Üretici : Fivalco, Nibco, Tyco, Victualic
C90: Onaylar : UL Listeli, FM Onaylı
B91: 11 | C91: Kelebek Vana, DN 250 | D91: 2 | E91: Adet | F91: 4000 | G91: =F91*D91 -> 8000
C92: Giriş – Çıkış : DN 250
C93: Bağlantı : Wafer Tip
C94: Basınç Sınıfı : 300 psi
C95: Montaj Biçimi : Dik-Yatay
C96: Açılma : Dişli Kutulu El Volanı ile
C97: Malzeme : Döküm Demir Gövdeli, Bronz Diskli
C98: Gösterge : Konum Gösteren İbreli
C99: Aksesuarlar : TKÇY İzleme Anahtarı ve 2 adet Bağlantı Kelepçesi ile
C100: Üretici : Fivalco, Nibco, Tyco, Victualic
C101: Onaylar : UL Listeli, FM Onaylı
B102: 12 | C102: Kelebek Vana, DN 200 | D102: 3 | E102: Adet | F102: 3500 | G102: =F102*D102 -> 10500
C103: Yukarıdaki gibi ancak;
C104: Çap : DN 200
B105: 13 | C105: Test Akış Ölçme Cihazı | D105: 1 | E105: Adet | F105: 3500 | G105: =F105*D105 -> 3500
C106: Türü : Annubar veya Venturi
C107: Giriş – Çıkış : DN 200
C108: Gösterge : 0-2500 gpm
C109: İşletme Basıncı : En Fazla 20 Bar (300 psi)
...

Sheet Hidrant.Sistemi
B2: FIRMA-C ENTEGRE SAHA-UC YANGIN TESİSATI TEKLİFİ
B7: No | C7: HİDRANT SİSTEMİ | D7: Miktar | E7: Birim | F7: BİRİM FİYAT İŞÇİLİK | G7: TOPLAM FİYAT İŞÇİLİK
B10: 1 | C10: Dış Saha Yerüstü Hidrantı (Mevcut) | D10: 41 | E10: Adet | G10: =F10*D10 -> 0
B12: 2 | C12: Dış Saha Yerüstü Hidrantı (Yeni Planlanan) | D12: 2 | E12: Adet | F12: 5000 | G12: =F12*D12 -> 10000
C13: Türü : Yer Üstü Hidrantı
C14: Giriş Çapı : DN100
C15: Çıkış Çapı : 2 x DN 65 Storz
C16: Giriş Bağlantısı : Flanşlı
C17: Çıkış Bağlantısı : Flanşlı
C18: Montaj Biçimi : Yer Üstü
C19: Açılma : Elle
C20: Aksesuarlar : 1 adet Açma Anahtarı ve Hidrant Dirseği ile
C21: Onaylar : TSE Onaylı
C22: Yedekler : -
C23: Üretici : Klinger, Fetaş veya Valftek
B24: 3 | C24: Hidrant Koruyucu İmalatı (Yeni Planlanan) | D24: 2 | E24: Adet | G24: =F24*D24 -> 0
C25: Türü : Yer Üstü, Çelik Yere Sabitlenmiş Ayak
C26: Koruma : Dış Hava Koşullarına, Paslanmaya Dayanıklı ve Korumalı
C27: Montaj Yeri : Hidrant Yakınına
C28: Malzeme : DN 80 Borudan İmal
C29: Renk : Sarı ve Siyah Boyalı
C30: Üretici : Yerinde İmalat
B31: 4 | C31: Yerüstü Hidrant Dolabı (Yeni Planlanan) | D31: 2 | E31: Adet | F31: 2500 | G31: =F31*D31 -> 5000
C32: Türü : Yer Üstü, Ayaklı
C33: Koruma : Dış Hava Koşullarına Dayanıklı ve Korumalı
C34: Montaj Yeri : Hidrant Yakınına
C35: Malzeme : Fosfatlanmış Galvanize Saç (Üzeri Epoksi Kaplı)
C36: Renk : RAL3000 Kırmızı
C37: Aksesuarlar : 1 adet Hidrant Açma Anahtarı, 2 adet DN65 PVC Kaplı 30 m Bez Hortum
C38: ve Tekerli ve 2 adet Ayarlı Nozul ve Nozul Tutturma Kelepçesiyle
C39: Onaylar : TSE Belgeli
C40: Yedekler : -
C41: Üretici : Fetaş veya Normeks
B42: 5 | C42: Gömme Tip Kesme Vanası (Burried NRS), DN315 (Yeni Planlanan) | D42: 19 | E42: Adet | F42: 4500 | G42: =F42*D42 -> 85500
C43: Türü : Gömme NRS
C44: Vana Çapı : DN 315
C45: Montaj biçimi : Beton Takviyeli
C46: Vana Bağlantı : ANSI/DIN Flanşlı
C47: Kullanım Amacı : Su Kontrol, Kesme Vanası
C48: Onay : FM Onaylı
C49: Üretici : Kennedy veya Volon veya Weflo
B50: 6 | C50: Gömme Kesme Vanası Gösterge Boynu (Indicator Post Mevcut Kullanılabilir) | D50: 19 | E50: Adet | F50: 2000 | G50: =F50*D50 -> 38000
C51: Türü : Boyunlu Gösterge (Indicator Post)
C52: Vana Çapı : Bağlandığı Boru Çapına Göre
C53: Boyun Derinliği : Sahada Ayarlanabilir
C54: Gömme Derinliği : 100-150 cm
C55: Tamamlayıcı Malz. : Açma Kolu (1 Ad.)
C56: Onay : FM Onaylı
C57: Üretici : Kennedy veya Volon veya Weflo
B58: 7 | C58: PE Yeraltı Yangın Suyu Borusu, (DN315) (Yeni Planlanan) | D58: 5850 | E58: Metre | F58: 800 | G58: =F58*D58 -> 4680000
C59: Malzeme : PE-100 (HDPE), SDR 9
C60: Çap : DN 315
C61: Basınç Sınıfı : PN 16
C62: Ek Türü : Elektrofüzyon veya Alın Kaynaklı
C63: Ek veya Fittings : Her Türlü Yardımcı Malzeme ve Fittings Dahil
C64: Uygunluk : TS 418-2 EN 12201-2
C65: Onay : TSE Onaylı
C66: Üretici : Arılı (Pipelife)
B67: 8 | C67: PE Yeraltı Yangın Suyu Borusu, (DN160) (Yeni Planlanan) | D67: 487 | E67: Metre | F67: 500 | G67: =F67*D67 -> 243500
C68: Malzeme : PE-100 (HDPE), SDR 11
C69: Çap : DN160
C70: Basınç Sınıfı : PN 16
C71: Ek Türü : Elektrofüzyon veya Alın Kaynaklı
C72: Ek veya Fittings : Her Türlü Yardımcı Malzeme ve Fittings Dahil
C73: Uygunluk : TS 418-2 EN 12201-2
C74: Onay : TSE Onaylı
C75: Üretici : Arılı (Pipelife)
B76: 9 | C76: Dikişli Siyah Çelik Yangın Suyu Borusu İzolasyonu | D76: 822 | E76: Metre | G76: =F76*D76 -> 0
C77: Alüminyum Kalınlık : 0,60 mm
C78: Taşyünü Kalınlık : 80 mm ( Rabitz Telli Taşyünü )
C79: Üretici : İzocam,Ode
B80: 9 | C80: Dikişli Siyah Çelik Yangın Suyu Borusu, (DN300) (Yeni Planlanan) - 8,00 mm | D80: 822 | E80: Metre | F80: 1200 | G80: =F80*D80 -> 986400
C81: Malzeme : Siyah Çelik Üzeri Standartlara Uygun 1 Kat Antipas ve 2 Kat RAL 3000 Yağlı
C82: Boya
C83: Çap : DN 300
C84: Basınç Sınıfı : PN 16
C85: Ek veya Fittings : Boru Sistemi için Gerekli Her Türlü Dirsek, T, Flanş, Kaynak vb.
C86: Uygunluk : TSE EN 10217 Ağır Seri
C87: Onay : TSE Onaylı
C88: Üretici : Borusan veya Çayırova
B89: 9 | C89: Dikişli Siyah Çelik Yangın Suyu Borusu, (DN200) (Yeni Planlanan) | D89: 225 | E89: Metre | F89: 750 | G89: =F89*D89 -> 168750
C90: Malzeme : Siyah Çelik Üzeri Standartlara Uygun 1 Kat Antipas ve 2 Kat RAL 3000 Yağlı
C91: Boya
C92: Çap : DN 200
C93: Basınç Sınıfı : PN 16
C94: Ek veya Fittings : Boru Sistemi için Gerekli Her Türlü Dirsek, T, Flanş, Kaynak vb.
C95: Uygunluk : TSE EN 10217 Ağır Seri
C96: Onay : TSE Onaylı
C97: Üretici : Borusan veya Çayırova
B98: 10 | C98: Dikişli Siyah Çelik Yangın Suyu Borusu, (DN150) (Yeni Planlanan) | D98: 210 | E98: Metre | F98: 675 | G98: =F98*D98 -> 141750
C99: Türü : Siyah Çelik Üzeri Standartlara Uygun 1 Kat Antipas ve 2 Kat RAL 3000 Yağlı
C100: Boya
C101: Çap : DN 150
C102: Basınç Sınıfı : PN 16
C103: Ek veya Fittings : Boru Sistemi için Gerekli Her Türlü Dirsek, T, Flanş, Kaynak vb.
C104: Uygunluk : TSE EN 10255 Orta Seri
C105: Onay : TSE Onaylı
C106: Üretici : Borusan veya Çayırova
B107: 11 | C107: Darbe Bloğu | D107: 70 | E107: Set | G107: =F107*D107 -> 0
C108: İşlevi : Boru Hareketine Engel Olmak, Akışkan Gücünü Dağıtmak
...

Sheet Pres2-3 Çelik Kule
A1: Pres-2 ve Pres-3 - Çelik Yangın Dolabı Sistemi Kurulumu
A2: No | C2: Miktar | D2: Birim | E2: BİRİM FİYAT İŞÇİLİK | F2: TOPLAM FİYAT İŞÇİLİK
A3: 1 | B3: Esnek Yivli Boru Bağlantı Kelepçesi, DN150 | C3: 34 | D3: Ad. | F3: =E3*C3 -> 0
A4: 2 | B4: Sert Yivli Boru Bağlantı Kelepçesi, DN150 | C4: 400 | D4: Ad. | F4: =E4*C4 -> 0
A5: 3 | B5: Sert Yivli Boru Bağlantı Kelepçesi, DN65 | C5: 400 | D5: Ad. | F5: =E5*C5 -> 0
A6: 4 | B6: Dikişli Siyah Çelik Boru, DN150 | C6: 500 | D6: m | E6: 675 | F6: =E6*C6 -> 337500
A7: 5 | B7: Dikişli Siyah Çelik Boru, DN65 | C7: 700 | D7: m | E7: 430 | F7: =E7*C7 -> 301000
A8: 6 | B8: 4 Yollu Boru Askısı, DN150 | C8: 100 | D8: Ad. | E8: 400 | F8: =E8*C8 -> 40000
A9: 7 | B9: 2 Yollu Boru Askısı, DN150 (Enine) | C9: 150 | D9: Ad. | E9: 300 | F9: =E9*C9 -> 45000
A10: 8 | B10: 2 Yollu Boru Askısı, DN150 (Boyuna) | C10: 150 | D10: Ad. | E10: 300 | F10: =E10*C10 -> 45000
A11: 9 | B11: Sprinkler Boru Askısı, DN65 | C11: 400 | D11: Ad. | F11: =E11*C11 -> 0
A12: 10 | B12: Kelebek Vana, DN300 | C12: 4 | D12: Ad. | E12: 4500 | F12: =E12*C12 -> 18000
A13: 11 | B13: Kelebek Vana, DN150 | C13: 17 | D13: Ad. | E13: 3000 | F13: =E13*C13 -> 51000
A14: 12 | B14: Yangın Hortum Dolabı | C14: 30 | D14: Ad. | E14: 2500 | F14: =E14*C14 -> 75000
A15: 13 | B15: Islak Alarm Vanası, DN150 | C15: 30 | D15: Ad. | E15: 7500 | F15: =E15*C15 -> 225000
A16: 14 | B16: Kolektör, DN200 | C16: 2 | D16: Ad. | E16: 8000 | F16: =E16*C16 -> 16000
D17: GENEL TOPLAM : | F17: =SUM(F3:F16) -> 1153500

Sheet Trafo.Su.Püskürtme
B2: FIRMA-C ENTEGRE SAHA-UC YANGIN TESİSATI TEKLİFİ
B7: No | C7: TRAFO SU PÜSKÜRTME SİSTEMİ | D7: Miktar | E7: Birim | F7: BİRİM FİYAT İŞÇİLİK | G7: TOPLAM FİYAT İŞÇİLİK
B10: 1 | C10: Su Sprayi Püskürtme Memesi, (Spray Nozul ) 125° | D10: 420 | E10: ad. | F10: 200 | G10: =F10*D10 -> 84000
C11: Türü : Açık (Open
C12: Montaj Biçimi : Açılı veya Yatay
C13: Malzeme : Pirinç veya Çelik
C14: Püskürtme Yapısı : Konik
C15: Bağlantı : ½” NPT
C16: Aksesuar : Koruma Kapağı
C17: Onay : FM Onaylı
C18: Üretici : Reliable, Tyco, Victaulic, Viking
B19: 2 | C19: Baskın Vana İstasyonu, DN 65 | D19: 19 | E19: Adet | F19: 3000 | G19: =F19*D19 -> 57000
C20: Tür : Diyaframlı veya Klapeli
C21: Tahrik Şekli : Elektrik Aktivasyonlu veya Elle
C22: Tahrik Ünitesi : Yangın Algılama Sistemi
C23: Kapanma : Elle Yerinden
C24: Tip : Değişken Basınçlı
C25: Bağlantı : Giriş – Çıkış Yivli veya Flanşlı Bağlantılı
C26: Çapı : DN65
C27: Montaj Biçim : Dik
C28: Aksesuar : Her Türlü Aksamlarıyla (Trim) Birlikte
C29: Su Motorlu Gong ve Aksamı, Basınç Anahtarı,
C30: Giriş-Çıkış Manometreleriyle Birlikte
C31: Onay : UL Listeli veya FM Onaylı
C32: Üretici : Tyco, Victaulic, Viking
B33: 3 | C33: Baskın Vana İstasyonu, DN 80 | D33: 2 | E33: Adet | F33: 3500 | G33: =F33*D33 -> 7000
C34: Tür : Diyaframlı veya Klapeli
C35: Tahrik Şekli : Elektrik Aktivasyonlu veya Elle
C36: Tahrik Ünitesi : Yangın Algılama Sistemi
C37: Kapanma : Elle Yerinden
C38: Tip : Değişken Basınçlı
C39: Bağlantı : Giriş – Çıkış Yivli veya Flanşlı Bağlantılı
C40: Çapı : DN80
C41: Montaj Biçim : Dik
C42: Aksesuar : Her Türlü Aksamlarıyla (Trim) Birlikte
C43: - Su Motorlu Gong ve Aksamı, Basınç Anahtarı,
C44: Giriş-Çıkış Manometreleriyle Birlikte
C45: Onay : UL Listeli veya FM Onaylı
C46: Üretici : Tyco, Victaulic, Viking
B47: 4 | C47: Baskın Vana Dolabı | D47: 21 | E47: Adet | F47: 2500 | G47: =F47*D47 -> 52500
C48: Tip : Değişken Basınçlı
C49: Uygulama Amacı : Baskın Vanasını Dış Etkilerden Korumak
C50: Malzeme : En Az 2,5-3 mm Çelik Sacdan İmal
C51: Koruma Sınıfı : IP 65 - TSE 3033
C52: Aksesuar : Kapı Üzeri Elle Kumandalı Menfez (30x30 cm)
C53: Diğer Özellikler : İzleme MODÜLERİ İÇİN MONTAJ YERİ (50cm en x 20 cm yük.)
C54: Elektrostatik Epoksi Polyester Toz Boyalı (RAL 3000, 70 μm
C55: İç Tarafta Çelikten İmal Belge Cebi
C56: Elektriksel Topraklama Noktası
C57: 4 Yollu Deprem Koruması İçin Çelik Taşıyıcılı
C58: Baskın Vanası Montajı İçin Her Türlü Bağlantı Noktası Hazırlanmış
C59: Her Türlü Boru Giriş Çıkışı İçin (Algılama Hattı vb. ) Delikleri Önceden
... C62: Uzaktan Elle Tahrik Vanası İçin Dışarıda Sabitleme Noktası Bulunan
B63: 5 | C63: Kelebek Vana, DN 65 | D63: 19 | E63: Adet | F63: 1500 | G63: =F63*D63 -> 28500
C64: Türü : Yivli veya Wafer
C65: Montaj Biçimi : Dik veya Yatay
C66: Açılma : Dişli Kutulu El Volanı ile
C67: Malzeme : Döküm Demir Gövdeli, Bronz Diskli
C68: Basınç Sınıfı : En Az 175 psi
C69: Gösterge : Konum Gösteren İbreli
C70: Aksesuarlar : TKÇY İzleme Anahtarı ve Sıkıştırma Vida Somunlarıyla Birlikte
C71: Onay : UL Listeli veya FM Onaylı
B72: 6 | C72: Kelebek Vana, DN 80 | D72: 2 | E72: Adet | F72: 1750 | G72: =F72*D72 -> 3500
C73: Türü : Yivli veya Wafer
C74: Montaj Biçimi : Dik veya Yatay
C75: Açılma : Dişli Kutulu El Volanı ile
C76: Malzeme : Döküm Demir Gövdeli, Bronz Diskli
C77: Basınç Sınıfı : En Az 175 psi
C78: Gösterge : Konum Gösteren İbreli
C79: Aksesuarlar : TKÇY İzleme Anahtarı ve Sıkıştırma Vida Somunlarıyla Birlikte
C80: Onay : UL Listeli veya FM Onaylı
B81: 7 | C81: Dikişli Siyah Çelik Boru DN25 | D81: 272 | E81: Metre | F81: 270 | G81: =F81*D81 -> 73440
C82: Basınç Sınıfı : PN 16
C83: Standardı : TSE EN 10255 Orta Seri
C84: Yardımcı Malzeme : Boru Sistemi için Gerekli Her Türlü Dirsek, T, Flanş, Kaynak vb.
C85: İmalat : Siyah Çelik Üzeri Standartlara Uygun 1 Kat Antipas ve 2 Kat RAL 3000
C86: Yağlı Boya
C87: Üretici : Borusan veya Çayırova
B88: 8 | C88: Dikişli Siyah Çelik Boru DN32 | D88: 10 | E88: Metre | F88: 300 | G88: =F88*D88 -> 3000
C89: Basınç Sınıfı : PN 16
C90: Standardı : TSE EN 10255 Orta Seri
C91: Yardımcı Malzeme : Boru Sistemi için Gerekli Her Türlü Dirsek, T, Flanş, Kaynak vb.
C92: İmalat : Siyah Çelik Üzeri Standartlara Uygun 1 Kat Antipas ve 2 Kat RAL 3000
C93: Yağlı Boya
C94: Üretici : Borusan veya Çayırova
B95: 9 | C95: Dikişli Siyah Çelik Boru DN40 | D95: 36 | E95: Metre | F95: 340 | G95: =F95*D95 -> 12240
C96: Basınç Sınıfı : PN 16
C97: Standardı : TSE EN 10255 Orta Seri
C98: Yardımcı Malzeme : Boru Sistemi için Gerekli Her Türlü Dirsek, T, Flanş, Kaynak vb.
C99: İmalat : Siyah Çelik Üzeri Standartlara Uygun 1 Kat Antipas ve 2 Kat RAL 3000
C100: Yağlı Boya
C101: Üretici : Borusan veya Çayırova
B102: 10 | C102: Dikişli Siyah Çelik Boru DN50 | D102: 320 | E102: Metre | F102: 380 | G102: =F102*D102 -> 121600
C103: Basınç Sınıfı : PN 16
C104: Standardı : TSE EN 10255 Orta Seri
C105: Yardımcı Malzeme : Boru Sistemi için Gerekli Her Türlü Dirsek, T, Flanş, Kaynak vb.
C106: İmalat : Siyah Çelik Üzeri Standartlara Uygun 1 Kat Antipas ve 2 Kat RAL 3000
C107: Yağlı Boya
C108: Üretici : Borusan veya Çayırova
B109: 11 | C109: Dikişli Siyah Çelik Boru DN65 | D109: 522 | E109: Metre | F109: 420 | G109: =F109*D109 -> 219240
...

Sheet Sprinkler.Sistemi
B2: FIRMA-C ENTEGRE SAHA-UC YANGIN TESİSATI TEKLİFİ
B7: No | C7: SPRİNKLER SİSTEMİ | D7: Miktar | E7: Birim | F7: BİRİM FİYAT İŞÇİLİK | G7: TOPLAM FİYAT İŞÇİLİK
C9: A. Melamin Pres - Zımpara ve Boya Hattı - Otomatik Sprinkler Sistemi Kurulumu
B10: 1 | C10: Otomatik Sprinkler Kafası, (Sarkık, K=240) | D10: 11670 | E10: Ad. | F10: 200 | G10: =F10*D10 -> 2334000
B11: 2 | C11: Deneme ve Gider Vanası, DN32 veya DN40 K=240 | D11: 34 | E11: Ad. | F11: 750 | G11: =F11*D11 -> 25500
B12: 3 | C12: Branşman Kelepçesi, DN150 x DN65 | D12: 900 | E12: Ad. | G12: =F12*D12 -> 0
B13: 4 | C13: Branşman Kelepçesi, DN65 x DN25 | D13: 11670 | E13: Ad. | G13: =F13*D13 -> 0
B14: 5 | C14: Esnek Yivli Boru Bağlantı Kelepçesi, DN150 | D14: 82 | E14: Ad. | G14: =F14*D14 -> 0
B15: 6 | C15: Sert Yivli Boru Bağlantı Kelepçesi, DN150 | D15: 2285 | E15: Ad. | G15: =F15*D15 -> 0
B16: 7 | C16: Sert Yivli Boru Bağlantı Kelepçesi, DN65 | D16: 11135 | E16: Ad. | G16: =F16*D16 -> 0
B17: 8 | C17: Dikişli Siyah Çelik Boru, DN150 | D17: 7873 | E17: m | F17: 750 | G17: =F17*D17 -> 5904750
B18: 9 | C18: Dikişli Siyah Çelik Boru, DN65 | D18: 34000 | E18: m | F18: 420 | G18: =F18*D18 -> 14280000
B19: 10 | C19: Dikişli Siyah Çelik Boru, DN25 | D19: 12200 | E19: m | F19: 270 | G19: =F19*D19 -> 3294000
B20: 11 | C20: 4 Yollu Boru Askısı, DN150 | D20: 114 | E20: Ad. | F20: 400 | G20: =F20*D20 -> 45600
B21: 12 | C21: 2 Yollu Boru Askısı, DN150 (Enine) | D21: 952 | E21: Ad. | F21: 300 | G21: =F21*D21 -> 285600
B22: 13 | C22: 2 Yollu Boru Askısı, DN150 (Boyuna) | D22: 365 | E22: Ad. | F22: 300 | G22: =F22*D22 -> 109500
B23: 14 | C23: Sprinkler Boru Askısı, DN150 | D23: 1612 | E23: Ad. | G23: =F23*D23 -> 0
B24: 15 | C24: Sprinkler Boru Askısı, DN65 | D24: 11670 | E24: Ad. | G24: =F24*D24 -> 0
B25: 16 | C25: Hat Sonu Yıkama Vanası, DN150 | D25: 105 | E25: Ad. | F25: 3000 | G25: =F25*D25 -> 315000
B26: 17 | C26: Kelebek Vana, DN300 | D26: 8 | E26: Ad. | F26: 4500 | G26: =F26*D26 -> 36000
B27: 18 | C27: Kelebek Vana, DN150 | D27: 34 | E27: Ad. | F27: 3000 | G27: =F27*D27 -> 102000
B28: 19 | C28: Akış Anahtarı, DN150 | D28: 34 | E28: Ad. | F28: 1500 | G28: =F28*D28 -> 51000
B29: 20 | C29: Yangın Hortum Dolabı | D29: 80 | E29: Ad. | F29: 2500 | G29: =F29*D29 -> 200000
B30: 21 | C30: Islak Alarm Vanası, DN150 | D30: 34 | E30: Ad. | F30: 7500 | G30: =F30*D30 -> 255000
B31: 22 | C31: Kolektör, DN200 | D31: 9 | E31: Ad. | F31: 8000 | G31: =F31*D31 -> 72000
C32: B. Variodor Tesisi - Otomatik Sprinkler Sistemi Kurulumu
B33: 1 | C33: Otomatik Sprinkler Kafası, (Sarkık, K=240) | D33: 7053 | E33: Ad. | F33: 200 | G33: =F33*D33 -> 1410600
B34: 2 | C34: Deneme ve Gider Vanası, K=240 | D34: 17 | E34: Ad. | F34: 750 | G34: =F34*D34 -> 12750
B35: 3 | C35: Branşman Kelepçesi, DN150 x DN65 | D35: 330 | E35: Ad. | G35: =F35*D35 -> 0
B36: 4 | C36: Branşman Kelepçesi, DN65 x DN25 | D36: 7053 | E36: Ad. | G36: =F36*D36 -> 0
B37: 5 | C37: Esnek Yivli Boru Bağlantı Kelepçesi, DN150 | D37: 34 | E37: Ad. | G37: =F37*D37 -> 0
B38: 6 | C38: Sert Yivli Boru Bağlantı Kelepçesi, DN150 | D38: 1199 | E38: Ad. | G38: =F38*D38 -> 0
B39: 7 | C39: Sert Yivli Boru Bağlantı Kelepçesi, DN65 | D39: 6570 | E39: Ad. | G39: =F39*D39 -> 0
B40: 8 | C40: Dikişli Siyah Çelik Boru, DN150 | D40: 4221 | E40: m | F40: 750 | G40: =F40*D40 -> 3165750
B41: 9 | C41: Dikişli Siyah Çelik Boru, DN65 | D41: 19710 | E41: m | F41: 420 | G41: =F41*D41 -> 8278200
B42: 10 | C42: Dikişli Siyah Çelik Boru, DN25 | D42: 7200 | E42: m | F42: 270 | G42: =F42*D42 -> 1944000
B43: 11 | C43: 4 Yollu Boru Askısı, DN150 | D43: 77 | E43: Ad. | F43: 400 | G43: =F43*D43 -> 30800
B44: 12 | C44: 2 Yollu Boru Askısı, DN150 (Enine) | D44: 384 | E44: Ad. | F44: 300 | G44: =F44*D44 -> 115200
B45: 13 | C45: 2 Yollu Boru Askısı, DN150 (Boyuna) | D45: 173 | E45: Ad. | F45: 300 | G45: =F45*D45 -> 51900
B46: 14 | C46: Sprinkler Boru Askısı, DN150 | D46: 850 | E46: Ad. | G46: =F46*D46 -> 0
B47: 15 | C47: Sprinkler Boru Askısı, DN65 | D47: 7053 | E47: Ad. | G47: =F47*D47 -> 0
B48: 16 | C48: Hat Sonu Yıkama Vanası, DN150 | D48: 54 | E48: Ad. | F48: 3000 | G48: =F48*D48 -> 162000
B49: 17 | C49: Kelebek Vana, DN300 | D49: 4 | E49: Ad. | F49: 4500 | G49: =F49*D49 -> 18000
B50: 17 | C50: Kelebek Vana, DN150 | D50: 17 | E50: Ad. | F50: 3000 | G50: =F50*D50 -> 51000
B51: 18 | C51: Akış Anahtarı, DN150 | D51: 17 | E51: Ad. | F51: 15000 | G51: =F51*D51 -> 255000
B52: 19 | C52: Yangın Hortum Dolabı | D52: 61 | E52: Ad. | F52: 2500 | G52: =F52*D52 -> 152500
B53: 19 | C53: Islak Alarm Vanası, DN150 | D53: 17 | E53: Ad. | F53: 7500 | G53: =F53*D53 -> 127500
B54: 20 | C54: Kolektör, DN200 | D54: 6 | E54: Ad. | F54: 8000 | G54: =F54*D54 -> 48000
C55: C. MDF 3 - Otomatik Sprinkler Sistemi Kurulumu
B56: 1 | C56: Otomatik Sprinkler Kafası, (Sarkık, K=240) | D56: 2422 | E56: Ad. | F56: 200 | G56: =F56*D56 -> 484400
B57: 2 | C57: Deneme ve Gider Vanası, K=240 | D57: 6 | E57: Ad. | F57: 750 | G57: =F57*D57 -> 4500
B58: 3 | C58: Branşman Kelepçesi, DN150 x DN65 | D58: 206 | E58: Ad. | G58: =F58*D58 -> 0
B59: 4 | C59: Branşman Kelepçesi, DN65 x DN25 | D59: 2422 | E59: Ad. | G59: =F59*D59 -> 0
B60: 5 | C60: Esnek Yivli Boru Bağlantı Kelepçesi, DN150 | D60: 12 | E60: Ad. | G60: =F60*D60 -> 0
B61: 6 | C61: Sert Yivli Boru Bağlantı Kelepçesi, DN150 | D61: 587 | E61: Ad. | G61: =F61*D61 -> 0
B62: 7 | C62: Sert Yivli Boru Bağlantı Kelepçesi, DN65 | D62: 2321 | E62: Ad. | G62: =F62*D62 -> 0
B63: 8 | C63: Dikişli Siyah Çelik Boru, DN150 | D63: 2064 | E63: m | F63: 750 | G63: =F63*D63 -> 1548000
B64: 9 | C64: Dikişli Siyah Çelik Boru, DN65 | D64: 6996 | E64: m | F64: 420 | G64: =F64*D64 -> 2938320
B65: 10 | C65: Dikişli Siyah Çelik Boru, DN25 | D65: 2604 | E65: m | F65: 270 | G65: =F65*D65 -> 703080
B66: 11 | C66: 4 Yollu Boru Askısı, DN150 | D66: 34 | E66: Ad. | F66: 400 | G66: =F66*D66 -> 13600
B67: 12 | C67: 2 Yollu Boru Askısı, DN150 (Enine) | D67: 177 | E67: Ad. | F67: 300 | G67: =F67*D67 -> 53100
B68: 13 | C68: 2 Yollu Boru Askısı, DN150 (Boyuna) | D68: 83 | E68: Ad. | F68: 300 | G68: =F68*D68 -> 24900
B69: 14 | C69: Sprinkler Boru Askısı, DN150 | D69: 397 | E69: Ad. | G69: =F69*D69 -> 0
B70: 15 | C70: Sprinkler Boru Askısı, DN65 | D70: 2422 | E70: Ad. | G70: =F70*D70 -> 0
B71: 16 | C71: Hat Sonu Yıkama Vanası, DN150 | D71: 18 | E71: Ad. | F71: 3000 | G71: =F71*D71 -> 54000
B72: 17 | C72: Kelebek Vana, DN300 | D72: 1 | E72: Ad. | F72: 4500 | G72: =F72*D72 -> 4500
B73: 17 | C73: Kelebek Vana, DN150 | D73: 6 | E73: Ad. | F73: 3000 | G73: =F73*D73 -> 18000
B74: 18 | C74: Akış Anahtarı, DN150 | D74: 6 | E74: Ad. | F74: 1500 | G74: =F74*D74 -> 9000
B75: 19 | C75: Yangın Hortum Dolabı | D75: 28 | E75: Ad. | F75: 2500 | G75: =F75*D75 -> 70000
B76: 19 | C76: Islak Alarm Vanası, DN150 | D76: 6 | E76: Ad. | F76: 7500 | G76: =F76*D76 -> 45000
B77: 20 | C77: Kolektör, DN200 | D77: 1 | E77: Ad. | F77: 8000 | G77: =F77*D77 -> 8000
F78: GENEL TOPLAM : | G78: =SUM(G9:G77) -> 49111550

Sheet Konveyör.Sprink
B2: FIRMA-C ENTEGRE SAHA-UC YANGIN TESİSATI TEKLİFİ
B7: No | C7: KONVEYÖR SPRİNK SİSTEMİ | D7: MARKA | E7: Miktar | F7: Birim | G7: BİRİM FİYAT İŞÇİLİK | H7: TOPLAM FİYAT İŞÇİLİK
B10: 1 | C10: 1-BETON SİLO-1-2 REFİNER 1 KONVEYÖRÜ
C11: Otomatik Sprinkler Kafası, Standart Tepkili (Sarkık, K=115) | D11: Reliable, Tyco,_x000D_ Victaulic,Viking | E11: 8 | F11: Ad. | G11: 200 | H11: =G11*E11 -> 1600
C12: Deneme ve Gider Vanası, DN32 veya DN40, K=115 | D12: AGF, Giacomini | E12: 1 | F12: Ad. | G12: 750 | H12: =G12*E12 -> 750
C13: Branşman Kelepçesi, DN50 x DN32 | D13: Shurjoint, Grinnell,_x000D_ Victaulic | E13: 2 | F13: Ad. | H13: =G13*E13 -> 0
C14: Branşman Kelepçesi, DN32 x DN25 | D14: Shurjoint, Grinnell,_x000D_ Victaulic | E14: 8 | F14: Ad. | H14: =G14*E14 -> 0
C15: Esnek Yivli Boru Bağlantı Kelepçesi, DN50 | D15: Shurjoint, Grinnell,_x000D_ Victaulic | E15: 2 | F15: Ad. | H15: =G15*E15 -> 0
C16: Sert Yivli Boru Bağlantı Kelepçesi, DN50 | D16: Shurjoint, Grinnell,_x000D_ Victaulic | E16: 24 | F16: Ad. | H16: =G16*E16 -> 0
C17: Sert Yivli Boru Bağlantı Kelepçesi, DN32 | D17: Shurjoint, Grinnell,_x000D_ Victaulic | E17: 6 | F17: Ad. | H17: =G17*E17 -> 0
C18: Yivli Çelik Boru, DN50 - 3.2 mm | D18: Borusan_x000D_ veya Çayırova | E18: 42 | F18: m | G18: 380 | H18: =G18*E18 -> 15960
C19: Yivli Çelik Boru, DN32 - 3.2 mm | D19: Borusan_x000D_ veya Çayırova | E19: 36 | F19: m | G19: 300 | H19: =G19*E19 -> 10800
C20: Yivli Çelik Boru, DN25 - 3.2 mm | D20: Borusan_x000D_ veya Çayırova | E20: 36 | F20: m | G20: 270 | H20: =G20*E20 -> 9720
C21: Sprinkler Boru Askısı | D21: Hilti, İnka_x000D_ veya Link | E21: 38 | F21: Ad. | H21: =G21*E21 -> 0
C22: Hat Sonu Yıkama Vanası, DN32 | D22: ECA, Duyar | F22: Ad. | G22: 750 | H22: =G22*E22 -> 0
C23: Kelebek Vana, DN50 | D23: Tyco,_x000D_ Victualic, Viking | E23: 1 | F23: Ad. | G23: 1000 | H23: =G23*E23 -> 1000
C24: Akış Anahtarı, DN50 | D24: SYSTEM SENSOR,_x000D_ POTTER ROEMER,_x000D_ SAFE SIGNAL | E24: 1 | F24: Ad. | G24: 1000 | H24: =G24*E24 -> 1000
C25: Islak Alarm Vanası, DN50 | D25: Tyco,_x000D_ Victualic, Viking | E25: 1 | F25: Ad. | G25: 3000 | H25: =G25*E25 -> 3000
C26: Çelik Konstrüksiyon_x000D_ Uygulama Amacı: Trafolar Sprinkler Boru Desteği_x000D_ Malzeme: En az 6 mm Çelik Sacdan İmal, U ve L Profiller | D26: İMALAT | E26: 18 | F26: Ad. | H26: =G26*E26 -> 0
B27: 2 | C27: 2-BETON SİLO-1-2 REFİNER 2 KONVEYÖRÜ
C28: Otomatik Sprinkler Kafası, Standart Tepkili (Sarkık, K=115) | D28: Reliable, Tyco,_x000D_ Victaulic,Viking | E28: 11 | F28: Ad. | G28: 200 | H28: =G28*E28 -> 2200
C29: Deneme ve Gider Vanası, DN32 veya DN40, K=115 | D29: AGF, Giacomini | E29: 1 | F29: Ad. | G29: 750 | H29: =G29*E29 -> 750
C30: Branşman Kelepçesi, DN50 x DN32 | D30: Shurjoint, Grinnell,_x000D_ Victaulic | E30: 2 | F30: Ad. | H30: =G30*E30 -> 0
C31: Branşman Kelepçesi, DN32 x DN25 | D31: Shurjoint, Grinnell,_x000D_ Victaulic | E31: 11 | F31: Ad. | H31: =G31*E31 -> 0
C32: Esnek Yivli Boru Bağlantı Kelepçesi, DN80 | D32: Shurjoint, Grinnell,_x000D_ Victaulic | E32: 3 | F32: Ad. | H32: =G32*E32 -> 0
C33: Sert Yivli Boru Bağlantı Kelepçesi, DN80 | D33: Shurjoint, Grinnell,_x000D_ Victaulic | E33: 6 | F33: Ad. | H33: =G33*E33 -> 0
C34: Sert Yivli Boru Bağlantı Kelepçesi, DN50 | D34: Shurjoint, Grinnell,_x000D_ Victaulic | E34: 14 | F34: Ad. | H34: =G34*E34 -> 0
C35: Sert Yivli Boru Bağlantı Kelepçesi, DN32 | D35: Shurjoint, Grinnell,_x000D_ Victaulic | E35: 6 | F35: Ad. | H35: =G35*E35 -> 0
C36: Yivli Çelik Boru, DN80 - 4 mm | D36: Borusan_x000D_ veya Çayırova | E36: 12 | F36: m | G36: 480 | H36: =G36*E36 -> 5760
C37: Yivli Çelik Boru, DN50 - 3.2 mm | D37: Borusan_x000D_ veya Çayırova | E37: 42 | F37: m | G37: 380 | H37: =G37*E37 -> 15960
C38: Yivli Çelik Boru, DN32 - 3.2 mm | D38: Borusan_x000D_ veya Çayırova | E38: 36 | F38: m | G38: 300 | H38: =G38*E38 -> 10800
C39: Yivli Çelik Boru, DN25 - 3.2 mm | D39: Borusan_x000D_ veya Çayırova | E39: 3 | F39: m | G39: 270 | H39: =G39*E39 -> 810
C40: 4 Yollu Boru Askısı, DN80 | D40: Link, Erico, Hilti,_x000D_ Tolco, | E40: 1 | F40: Ad. | G40: 400 | H40: =G40*E40 -> 400
C41: Sprinkler Boru Askısı | D41: Hilti, İnka_x000D_ veya Link | E41: 30 | F41: Ad. | H41: =G41*E41 -> 0
C42: Hat Sonu Yıkama Vanası, DN32 | D42: ECA, Duyar | F42: Ad. | G42: 750 | H42: =G42*E42 -> 0
C43: Kelebek Vana, DN80 | D43: Tyco,_x000D_ Victualic, Viking | E43: 1 | F43: Ad. | G43: 1750 | H43: =G43*E43 -> 1750
C44: Akış Anahtarı, DN80 | D44: SYSTEM SENSOR,_x000D_ POTTER ROEMER, | E44: 1 | F44: Ad. | G44: 1250 | H44: =G44*E44 -> 1250
C45: Islak Alarm Vanası, DN80 | D45: Tyco,_x000D_ Victualic, Viking | E45: 1 | F45: Ad. | G45: 3000 | H45: =G45*E45 -> 3000
C46: Çelik Konstrüksiyon_x000D_ Uygulama Amacı: Trafolar Sprinkler Boru Desteği_x000D_ Malzeme: En az 6 mm Çelik Sacdan İmal, U ve L Profiller | D46: İMALAT | E46: 27 | F46: Ad. | H46: =G46*E46 -> 0
B47: 3 | C47: 3-KAZAN YERDEN YAKIT BESLEME TKF KONVEYÖRLERİ -1
C48: Otomatik Sprinkler Kafası, Standart Tepkili (Sarkık, K=115) | D48: Reliable, Tyco,_x000D_ Victaulic,Viking | E48: 3 | F48: Ad. | G48: 200 | H48: =G48*E48 -> 600
C49: Deneme ve Gider Vanası, DN32 veya DN40, K=115 | D49: AGF, Giacomini | E49: 1 | F49: Ad. | G49: 750 | H49: =G49*E49 -> 750
C50: Branşman Kelepçesi, DN50 x DN32 | D50: Shurjoint, Grinnell,_x000D_ Victaulic | E50: 2 | F50: Ad. | H50: =G50*E50 -> 0
C51: Branşman Kelepçesi, DN32 x DN25 | D51: Shurjoint, Grinnell,_x000D_ Victaulic | E51: 3 | F51: Ad. | H51: =G51*E51 -> 0
C52: Esnek Yivli Boru Bağlantı Kelepçesi, DN50 | D52: Shurjoint, Grinnell,_x000D_ Victaulic | E52: 2 | F52: Ad. | H52: =G52*E52 -> 0
C53: Sert Yivli Boru Bağlantı Kelepçesi, DN50 | D53: Shurjoint, Grinnell,_x000D_ Victaulic | E53: 22 | F53: Ad. | H53: =G53*E53 -> 0
C54: Sert Yivli Boru Bağlantı Kelepçesi, DN32 | D54: Shurjoint, Grinnell,_x000D_ Victaulic | E54: 2 | F54: Ad. | H54: =G54*E54 -> 0
C55: Yivli Çelik Boru, DN50 - 3.2 mm | D55: Borusan_x000D_ veya Çayırova | E55: 30 | F55: m | G55: 380 | H55: =G55*E55 -> 11400
C56: Yivli Çelik Boru, DN32 - 3.2 mm | D56: Borusan veya Çayırova | E56: 12 | F56: m | G56: 300 | H56: =G56*E56 -> 3600
C57: Yivli Çelik Boru, DN25 - 3.2 mm | D57: Borusan veya Çayırova | E57: 1 | F57: m | G57: 270 | H57: =G57*E57 -> 270
C58: 4 Yollu Boru Askısı, DN80 | D58: Link, Erico, Hilti, Tolco, | E58: 1 | F58: Ad. | H58: =G58*E58 -> 0
C59: Sprinkler Boru Askısı | D59: Hilti, İnka veya Link | E59: 14 | F59: Ad. | H59: =G59*E59 -> 0
C60: Hat Sonu Yıkama Vanası, DN32 | D60: ECA, Duyar | F60: Ad. | G60: 750 | H60: =G60*E60 -> 0
C61: Kelebek Vana, DN50 | D61: Tyco, Victualic, Viking | E61: 1 | F61: Ad. | G61: 1250 | H61: =G61*E61 -> 1250
C62: Akış Anahtarı, DN50 | D62: SYSTEM SENSOR, POTTER ROEMER, | E62: 1 | F62: Ad. | G62: 1000 | H62: =G62*E62 -> 1000
C63: Islak Alarm Vanası, DN50 | D63: Tyco, Victualic, Viking | E63: 1 | F63: Ad. | G63: 2500 | H63: =G63*E63 -> 2500
C64: Çelik Konstrüksiyon Uygulama Amacı: Trafolar Sprinkler Boru Desteği Malzeme: En az 6 mm Çelik Sacdan İmal, U ve L Profiller | D64: İMALAT | E64: 9 | F64: Ad. | H64: =G64*E64 -> 0
B65: 4 | C65: 4-KAZAN YERDEN YAKIT BESLEME TKF KONVEYÖRLERİ -2
C66: Otomatik Sprinkler Kafası, Standart Tepkili (Sarkık, K=115) | D66: Reliable, Tyco, Victaulic,Viking | E66: 8 | F66: Ad. | G66: 200 | H66: =G66*E66 -> 1600
C67: Deneme ve Gider Vanası, DN32 veya DN40, K=115 | D67: AGF, Giacomini | E67: 1 | F67: Ad. | G67: 750 | H67: =G67*E67 -> 750
C68: Branşman Kelepçesi, DN50 x DN32 | D68: Shurjoint, Grinnell, Victaulic | E68: 2 | F68: Ad. | H68: =G68*E68 -> 0
C69: Branşman Kelepçesi, DN32 x DN25 | D69: Shurjoint, Grinnell, Victaulic | E69: 8 | F69: Ad. | H69: =G69*E69 -> 0
C70: Esnek Yivli Boru Bağlantı Kelepçesi, DN50 | D70: Shurjoint, Grinnell, Victaulic | E70: 2 | F70: Ad. | H70: =G70*E70 -> 0
C71: Sert Yivli Boru Bağlantı Kelepçesi, DN50 | D71: Shurjoint, Grinnell, Victaulic | E71: 24 | F71: Ad. | H71: =G71*E71 -> 0
C72: Sert Yivli Boru Bağlantı Kelepçesi, DN32 | D72: Shurjoint, Grinnell, Victaulic | E72: 4 | F72: Ad. | H72: =G72*E72 -> 0
C73: Yivli Çelik Boru, DN50 - 3.2 mm | D73: Borusan veya Çayırova | E73: 42 | F73: m | G73: 420 | H73: =G73*E73 -> 17640
C74: Yivli Çelik Boru, DN32 - 3.2 mm | D74: Borusan veya Çayırova | E74: 24 | F74: m | G74: 300 | H74: =G74*E74 -> 7200
C75: Yivli Çelik Boru, DN25 - 3.2 mm | D75: Borusan veya Çayırova | E75: 2 | F75: m | G75: 270 | H75: =G75*E75 -> 540
C76: 4 Yollu Boru Askısı, DN80 | D76: Link, Erico, Hilti, Tolco, | E76: 1 | F76: Ad. | G76: 400 | H76: =G76*E76 -> 400
C77: 4 Yollu Boru Askısı, DN80 | D77: Link, Erico, Hilti, Tolco, | E77: 1 | F77: Ad. | G77: 400 | H77: =G77*E77 -> 400
C78: Sprinkler Boru Askısı | D78: Hilti, İnka veya Link | E78: 23 | F78: Ad. | H78: =G78*E78 -> 0
C79: Hat Sonu Yıkama Vanası, DN32 | D79: ECA, Duyar | F79: Ad. | H79: =G79*E79 -> 0
C80: Kelebek Vana, DN50 | D80: Tyco, Victualic, Viking | E80: 1 | F80: Ad. | G80: 1000 | H80: =G80*E80 -> 1000
C81: Akış Anahtarı, DN50 | D81: SYSTEM SENSOR, POTTER ROEMER, | E81: 1 | F81: Ad. | G81: 1000 | H81: =G81*E81 -> 1000
C82: Islak Alarm Vanası, DN50 | D82: Tyco, Victualic, Viking | E82: 1 | F82: Ad. | G82: 2500 | H82: =G82*E82 -> 2500
C83: Çelik Konstrüksiyon Uygulama Amacı: Trafolar Sprinkler Boru Desteği Malzeme: En az 6 mm Çelik Sacdan İmal, U ve L Profiller | D83: İMALAT | E83: 18 | F83: Ad. | H83: =G83*E83 -> 0
B84: 5 | C84: 5-KAZAN YERDEN YAKIT BESLEME TKF KONVEYÖRLERİ -3
C85: Otomatik Sprinkler Kafası, Standart Tepkili (Sarkık, K=115) | D85: Reliable, Tyco, Victaulic,Viking | E85: 9 | F85: Ad. | G85: 200 | H85: =G85*E85 -> 1800
C86: Deneme ve Gider Vanası, DN32 veya DN40, K=115 | D86: AGF, Giacomini | E86: 1 | F86: Ad. | G86: 750 | H86: =G86*E86 -> 750
C87: Branşman Kelepçesi, DN50 x DN32 | D87: Shurjoint, Grinnell, Victaulic | E87: 2 | F87: Ad. | H87: =G87*E87 -> 0
C88: Branşman Kelepçesi, DN32 x DN25 | D88: Shurjoint, Grinnell, Victaulic | E88: 9 | F88: Ad. | H88: =G88*E88 -> 0
C89: Yivli Çelik Boru, DN50 - 3.2 mm | D89: Borusan veya Çayırova | E89: 48 | F89: m | G89: 420 | H89: =G89*E89 -> 20160
C90: Yivli Çelik Boru, DN32 - 3.2 mm | D90: Borusan veya Çayırova | E90: 30 | F90: m | G90: 300 | H90: =G90*E90 -> 9000
C91: Yivli Çelik Boru, DN25 - 3.2 mm | D91: Borusan veya Çayırova | E91: 2 | F91: m | G91: 270 | H91: =G91*E91 -> 540
C92: 4 Yollu Boru Askısı, DN | D92: Link, Erico, Hilti, Tolco, | E92: 1 | F92: Ad. | G92: 400 | H92: =G92*E92 -> 400
C93: 4 Yollu Boru Askısı, DN80 | D93: Link, Erico, Hilti, Tolco, | E93: 1 | F93: Ad. | G93: 400 | H93: =G93*E93 -> 400
C94: Sprinkler Boru Askısı | D94: Hilti, İnka veya Link | E94: 27 | F94: Ad. | H94: =G94*E94 -> 0
C95: Hat Sonu Yıkama Vanası, DN32 | D95: ECA, Duyar | F95: Ad. | G95: 750 | H95: =G95*E95 -> 0
C96: Kelebek Vana, DN50 | D96: Tyco, Victualic, Viking | E96: 1 | F96: Ad. | G96: 1000 | H96: =G96*E96 -> 1000
C97: Akış Anahtarı, DN50 | D97: SYSTEM SENSOR, POTTER ROEMER, | E97: 1 | F97: Ad. | G97: 1000 | H97: =G97*E97 -> 1000
C98: Islak Alarm Vanası, DN50 | D98: Tyco, Victualic, Viking | E98: 1 | F98: Ad. | G98: 2500 | H98: =G98*E98 -> 2500
C99: Çelik Konstrüksiyon Uygulama Amacı: Trafolar Sprinkler Boru Desteği Malzeme: En az 6 mm Çelik Sacdan İmal, U ve L Profiller | D99: İMALAT | E99: 21 | F99: Ad. | H99: =G99*E99 -> 0
B100: 6 | C100: 6-DRUM HAKER - BETON SİLO1-2 KONVEYÖRÜ
C101: Otomatik Sprinkler Kafası, Standart Tepkili (Sarkık, K=115) | D101: Reliable, Tyco, Victaulic,Viking | E101: 25 | F101: Ad. | G101: 200 | H101: =G101*E101 -> 5000
C102: Deneme ve Gider Vanası, DN32 veya DN40, K=115 | D102: AGF, Giacomini | E102: 1 | F102: Ad. | G102: 750 | H102: =G102*E102 -> 750
C103: Branşman Kelepçesi, DN80 x DN50 | D103: Shurjoint, Grinnell, Victaulic | E103: 2 | F103: Ad. | H103: =G103*E103 -> 0
C104: Branşman Kelepçesi, DN50 x DN25 | D104: Shurjoint, Grinnell, Victaulic | E104: 25 | F104: Ad. | H104: =G104*E104 -> 0
C105: Esnek Yivli Boru Bağlantı Kelepçesi, DN100 | D105: Shurjoint, Grinnell, Victaulic | E105: 2 | F105: Ad. | H105: =G105*E105 -> 0
C106: Sert Yivli Boru Bağlantı Kelepçesi, DN100 | D106: Shurjoint, Grinnell, Victaulic | E106: 15 | F106: Ad. | H106: =G106*E106 -> 0
C107: Sert Yivli Boru Bağlantı Kelepçesi, DN80 | D107: Shurjoint, Grinnell, Victaulic | E107: 21 | F107: Ad. | H107: =G107*E107 -> 0
...

Sheet Toz.Ambarı
B2: FIRMA-C ENTEGRE SAHA-UC YANGIN TESİSATI TEKLİFİ
B7: No | C7: TOZ AMBARI SÖNDÜRME SİSTEMİ | D7: Miktar | E7: Birim | F7: BİRİM FİYAT İŞÇİLİK | G7: TOPLAM FİYAT İŞÇİLİK
B10: 1 | C10: Kelebek Vana, DN100 (4”) | D10: 1 | E10: Adet | F10: 2000 | G10: =F10*D10 -> 2000
C11: Türü : Yivli veya Wafer veya Kulaklı (Lug Tipi)
C12: Giriş – Çıkış : DN100 (4”)
C13: Montaj Biçimi : Dik veya Yatay
C14: Açılma : Dişli Kutulu El Volanı ile
C15: Malzeme : Döküm Demir Gövdeli, Bronz Diskli
C16: Gösterge : Konum Gösteren İbreli
C17: Aksesuarlar : TKÇY İzleme Anahtarı ve Sıkıştırma Vida
C18: Somunlarıyla Birlikte
B19: 2 | C19: Akış Anahtarı, DN100 | D19: 1 | E19: Adet | F19: 1250 | G19: =F19*D19 -> 1250
B21: 3 | C21: Baskın Vana İstasyonu (Elektrik Tahrikli), DN100 (4”) 1 ad. | D21: 1 | E21: Adet | F21: 5000 | G21: =F21*D21 -> 5000
C22: Tür : Diyaframlı veya Klapeli
C23: Çapı : DN100 (4”)
C24: Tahrik Şekli : Elektrik ve Elle
C25: Kapanma : Elle Yerinden
C26: Bağlantı Türü : Yivli veya Flanşlı
C27: Yeniden Kurma : Tamamen Dışarıdan, Açmadan
C28: Basınç sınıfı : 175 psi
C29: Kurulum Biçimi : Dikey – Düz veya Açılı
C30: Tahrik Ünite : - Türü : Algılama Hattından
C31: : - Çalışma Şekli : Elektrik - Tüm Aparat (Trim)Leri ve Solenoid
C32: Vanası ile
C33: Elle Tahrik Ünitesi : - Türü : Küresel Vana
... C38: : Giriş-Çıkış Manometreleri, Basınç Anahtarı ve Motor Gongu
B39: 4 | C39: Dikişli Siyah Çelik Boru, DN100 (4”) | D39: 78 | E39: Metre | F39: 550 | G39: =F39*D39 -> 42900
C40: Çap : DN100 (4”)
C41: Basınç Sınıfı : PN16
C42: Standardı : TSE EN 10255 Orta Seri
C43: Yardımcı Malzeme : Boru Sistemi İçin Gerekli Her Türlü Dirsek, T, Flanş, Kaynak Vb. Dâhil
C44: İmalat : Siyah Çelik Üzeri Standartlara Uygun 1 Kat Antipas ve 2 Kat RAL
C45: 3000 Yağlı Boya
C46: Üretici : Borusan veya Çayırova
B47: 5 | C47: Dikişli Siyah Çelik Boru, DN50 (2”) | D47: 108 | E47: Metre | F47: 380 | G47: =F47*D47 -> 41040
C48: Yukarıdaki gibi ancak
C49: Çap : DN50 (2”)
B50: 6 | C50: Esnek Yivli Boru Bağlantı Kelepçesi DN100 | D50: 1 | E50: Adet | G50: =F50*D50 -> 0
C51: İşlevi : Borunun Boruya Bağlanmasını Sağlamak
C52: Türü : Esnek (Flexible)
C53: Malzeme : Dökme Demir
C54: Kelepçe Contası : EPDM (Yangın Kullanımına Uygun)
C55: Onay : UL Listeli veya FM Onaylı
C56: Üretici : Shurjoint, Victaulic
B57: 7 | C57: Sert Yivli Boru Bağlantı Kelepçesi DN100 | D57: 30 | E57: Adet | G57: =F57*D57 -> 0
C58: İşlevi : Borunun Boruya Bağlanmasını Sağlamak
C59: Türü : Sert (Rigid)
C60: Malzeme : Dökme Demir
C61: Kelepçe Contası : EPDM (Yangın Kullanımına Uygun)
C62: Onay : UL Listeli veya FM Onaylı
C63: Üretici : Shurjoint, Victaulic
B64: 8 | C64: Branşman Kelepçesi, DN100 x DN50 | D64: 12 | E64: Adet | G64: =F64*D64 -> 0
C65: İşlevi : Borudan Branşman Almak
C66: Türü : Kelepçeli, Boru Üstü Deliğe Geçmeli
C67: Malzeme : Dökme Demir
C68: Kelepçe Contası : EPDM (Yangın Kullanımına Uygun)
C69: Onay : UL Listeli veya FM Onaylı
C70: Üretici : Shurjoint, Victaulic veya Eşdeğeri
F71: GENEL TOPLAM : | G71: =SUM(G9:G70) -> 92190

Sheet Pompa.Odası.Sprink
B2: FIRMA-C ENTEGRE SAHA-UC YANGIN TESİSATI TEKLİFİ
B7: No | C7: POMPA ODASI SPRİNK SİSTEMİ | D7: MARKA | E7: Miktar | F7: Birim | G7: BİRİM FİYAT İŞÇİLİK | H7: TOPLAM FİYAT İŞÇİLİK
B10: 1 | C10: Otomatik Sprinkler Kafası, (Sarkık, K=80) | D10: Tyco, Victualic, Viking | E10: 6 | F10: Ad. | G10: 200 | H10: =G10*E10 -> 1200
B11: 2 | C11: Deneme ve Gider Vanası, K=80 | D11: AGF, Giacomini | E11: 1 | F11: Ad. | G11: 750 | H11: =G11*E11 -> 750
B12: 3 | C12: Branşman Kelepçesi, DN65 x DN25 | D12: Shurjoint, Grinnell, Victaulic | E12: 2 | F12: Ad. | H12: =G12*E12 -> 0
B13: 4 | C13: Esnek Yivli Boru Bağlantı Kelepçesi, DN65 | D13: Shurjoint, Grinnell, Victaulic | E13: 2 | F13: Ad. | H13: =G13*E13 -> 0
B14: 5 | C14: Sprinkler Askısı | D14: Hilti, İnka veya Link | E14: 6 | F14: Ad. | H14: =G14*E14 -> 0
B15: 6 | C15: Sprinkler Askı Çubuğu | D15: Hilti, İnka veya Link | E15: 6 | F15: Ad. | H15: =G15*E15 -> 0
B16: 7 | C16: Dikişli Çelik Boru, DN50 | D16: Borusan veya Çayırova | E16: 24 | F16: m | G16: 380 | H16: =G16*E16 -> 9120
B17: 8 | C17: Dikişli Çelik Boru, DN25 | D17: Borusan veya Çayırova | E17: 18 | F17: m | G17: 270 | H17: =G17*E17 -> 4860
B18: 9 | C18: Kelebek Vana, DN50 | D18: Tyco, Victualic, Viking | E18: 1 | F18: Ad. | G18: 1250 | H18: =G18*E18 -> 1250
B19: 10 | C19: Akış Anahtarı, DN50 | D19: System Sensor, Potter,Roemer,Safe Sıgnal | E19: 1 | F19: Ad. | G19: 1000 | H19: =G19*E19 -> 1000
E20: GENEL TOPLAM : | H20: =SUM(H10:H19) -> 18180

Sheet Otomatik.Köpüklü
B2: FIRMA-C ENTEGRE SAHA-UC YANGIN TESİSATI TEKLİFİ
B7: No | C7: OTOMATİK KÖPÜKLÜ SÖNDÜRME SİSTEMİ | D7: Miktar | E7: Birim | F7: BİRİM FİYAT İŞÇİLİK | G7: TOPLAM FİYAT İŞÇİLİK
B10: 1 | C10: Su Püskürtme Memesi, (Spray Nozzle) | D10: 124 | E10: Adet | F10: 0 | G10: =F10*D10 -> 0
C11: Türü : Açık (Open)
C12: Montaj Biçimi : Açılı veya Yatay
C13: Malzeme : Pirinç veya Çelik
C14: Püskürtme Yapısı : Konik
C15: Bağlantı : 1/2" NPT
C16: K Faktörü : 40 Metrik (2.8 ANSI)
C17: Onay : UL Listeli, FM Onaylı
C18: Üretici : Reliable, Tyco, Viking
B19: 2 | C19: Baskın Vana İstasyonu (Elektrik Tahrikli), DN100 (4”) | D19: 1 | E19: Adet | G19: =F19*D19 -> 0
C20: Tür : Diyaframlı veya Klapeli
C21: Çapı : DN100 (4”)
C22: Tahrik Şekli : Elektrik ve Elle
C23: Kapanma : Elle Yerinden
C24: Bağlantı Türü : Yivli veya Flanşlı
C25: Yeniden Kurma : Tamamen Dışarıdan, Açmadan
C26: Basınç sınıfı : 175 psi
C27: Kurulum Biçimi : Dikey – Düz veya Açılı
C28: Tahrik Ünite : - Türü : Algılama Hattından
C29: : - Çalışma Şekli : Elektrik - Tüm Aparat (Trim)Leri ve Solenoid
C30: Vanası ile
C31: Elle Tahrik Ünitesi : - Türü : Küresel Vana
... C38: Üretici : Tyco, Victaulic, Viking
B39: 3 | C39: Baskın Vana İstasyonu (Elektrik Tahrikli), DN80 (3”) | D39: 2 | E39: Adet | G39: =F39*D39 -> 0
C40: Tür : Diyaframlı veya Klapeli
C41: Çapı : DN80 (3”)
C42: Tahrik Şekli : Elektrik ve Elle
B43: 4 | C43: Baskın Vana İstasyonu (Elektrik Tahrikli), DN50 (2”) | D43: 6 | E43: Adet | G43: =F43*D43 -> 0
C44: Tür : Diyaframlı veya Klapeli
C45: Çapı : DN50 (2”)
C46: Tahrik Şekli : Elektrik ve Elle
C47: Kapanma : Elle Yerinden
C48: Bağlantı Türü : Yivli veya Flanşlı
C49: Yeniden Kurma : Tamamen Dışarıdan, Açmadan
C50: Basınç sınıfı : 175 psi
C51: Kurulum Biçimi : Dikey – Düz veya Açılı
C52: Tahrik Ünite : - Türü : Algılama Hattından
C53: : - Çalışma Şekli : Elektrik - Tüm Aparat (Trim)Leri ve Solenoid
C54: Vanası ile
C55: Elle Tahrik Ünitesi : - Türü : Küresel Vana
... C62: Üretici : Tyco, Victaulic, Viking
B63: 5 | C63: Kelebek Vana, DN100 (4”) | D63: 1 | E63: Adet | G63: =F63*D63 -> 0
C64: Türü : Yivli veya Wafer veya Kulaklı (Lug Tipi)
C65: Giriş – Çıkış : DN250 (10”)
C66: Montaj Biçimi : Dik veya Yatay
C67: Açılma : Dişli Kutulu El Volanı ile
C68: Malzeme : Döküm Demir Gövdeli, Bronz Diskli
C69: Gösterge : Konum Gösteren İbreli
C70: Aksesuarlar : TKÇY İzleme Anahtarı ve Sıkıştırma Vida Somunlarıyla Birlikte
C71: Onay : UL Listeli, FM Onaylı
C72: Üretici : Fivalco, Nibco, Tyco, Victualic
B73: 6 | C73: Kelebek Vana, DN80 (3”) | D73: 2 | E73: Adet | G73: =F73*D73 -> 0
C74: Yukarıdaki gibi ancak;
C75: Çap : DN80 (3”)
B76: 7 | C76: Kelebek Vana, DN50 (2”) | D76: 6 | E76: Adet | G76: =F76*D76 -> 0
C77: Yukarıdaki gibi ancak;
C78: Çap : DN50 (2”)
B79: 8 | C79: Boru Desteği | D79: 660 | E79: Adet | G79: =F79*D79 -> 0
C80: Türü : Rijit (U-Bolt veya Kelepçe)
C81: Kelepçe/U-Bolt Çapı : Muhtelif (DN100, DN80, DN65)
C82: Kelepçe Malzemesi : 2 mm Kalınlığında, 25 mm Eninde Galvanize Sacdan İmal
C83: Destek Malzemesi : Çelik C120 Profil (Ortalama 1 m Uzunluğunda)
C84: Sabitleme Malzemesi : M12 U-vida (U-bolt)
C85: Taşıyıcıya Tutturma : Beton Dübeli veya Taşıyıcıya Uygun
C86: Montaj Biçimi : Duvardan veya Çelik Profillerden
C87: Taşıyıcıya Tutturma : Taşıyıcıya Açılacak Deliklere Somun + Pul ve Kontra Somun + Pul
C88: Taşıma Kapasitesi : Borunun Su Dolu Ağırlığı + 115 kg
C89: Aksesuarlar : Ayarlama ve Kontra Somunu, Vida, Somun ve Taban Elemanı
C90: Onay : TSE Onaylı
C91: Üretici : Hilti, İnka veya Link
B92: 9 | C92: 4 Yollu Boru Askısı, DN100 (4”) | D92: 4 | E92: Adet | G92: =F92*D92 -> 0
C93: Kullanım Amacı : Hiçbir Yöne Harekete İzin Vermeyen Askı, Borulamayı Sismik
C94: Hareketlere Karşı Korumak
C95: Sehpa Malzemesi : Galvanize Çelikten İmal
C96: Kelepçe Çapı : Taşıdığı Boru Çapına Eşit
C97: Dayanım : En Az 9500 N Çekme Kuvvetine Dayanıklı
C98: Aksesuarlar : Ayarlama ve Kontra Somunu, Vida, Somun ve Tüm Montaj
C99: Elemanlarıyla Birlikte
C100: Onay : FM Onaylı
C101: Üretici : Link, Erico, Hilti, Tolco
B102: 9 | C102: 4 Yollu Boru Askısı, DN80 (3”) | D102: 8 | E102: Adet | G102: =F102*D102 -> 0
C103: Yukarıdaki gibi ancak;
C104: Çap : DN80 (3”)
B105: 10 | C105: 4 Yollu Boru Askısı, DN50 (2”) | D105: 24 | E105: Adet | G105: =F105*D105 -> 0
C106: Yukarıdaki gibi ancak;
C107: Çap : DN50 (2”)
B108: 11 | C108: Sert Yivli Boru Bağlantı Kelepçesi, DN100 (4”) | D108: 57 | E108: Adet | G108: =F108*D108 -> 0
C109: İşlevi : Borunun Boruya Bağlanmasını Sağlamak
C110: Türü : Sert (Rigid)
C111: Malzeme : Dökme Demir
C112: Çap : DN100 (4”)
C113: Kelepçe Contası : EPDM (Yangın Kullanımına Uygun)
C114: Onay : FM Onaylı,UL Listeli
C115: Üretici : Shurjoint, Victaulic, Grinnell
B116: 11 | C116: Sert Yivli Boru Bağlantı Kelepçesi, DN80 (3”) | D116: 178 | E116: Adet | G116: =F116*D116 -> 0
C117: İşlevi : Borunun Boruya Bağlanmasını Sağlamak
C118: Türü : Sert (Rigid)
C119: Malzeme : Dökme Demir
...

Sheet Yangın.Durdurucu
B2: FIRMA-C ENTEGRE SAHA-UC YANGIN TESİSATI TEKLİFİ
B7: No | C7: PASİF YANGIN DURDURUCU | D7: MARKA | E7: Miktar | F7: Birim | G7: BİRİM FİYAT MALZEME | H7: TOPLAM FİYAT İŞÇİLİK
B10: 1 | C10: Akrilik Mastik CP 606 Yangın Durdurucu Akustik Mastik - 580ml Beyaz | D10: HİLTİ / FISCHER | E10: 369 | F10: Adet | G10: 0 | H10: =-G10*E10 -> 0
B11: 2 | C11: İntümesan Mastik FS ONE Max Yangın Durdurucu İntümesan Mastik- Sosis | D11: HİLTİ / FISCHER | E11: 126 | F11: Adet | H11: =-G11*E11 -> 0
B12: 3 | C12: Köpük CP 660 Yangın Durdurucu Köpük | D12: HİLTİ / FISCHER | E12: 432 | F12: Adet | H12: =-G12*E12 -> 0
B13: 4 | C13: Harç CP 636 Yangın Durdurucu Harç | D13: HİLTİ / FISCHER | E13: 99 | F13: Adet | H13: =-G13*E13 -> 0
B14: 5 | C14: Sonsuz Sargı CP 648-E-W45/1.8" Yangın Durdurucu Çoklu Sargı - 10 metre | D14: HİLTİ / FISCHER | E14: 36 | F14: Adet | H14: =-G14*E14 -> 0
B15: 6 | C15: Panel Boyası CP 673 Yangın Durdurucu Taşyünü Panel Boyası | D15: HİLTİ / FISCHER | E15: 45 | F15: Adet | H15: =-G15*E15 -> 0
E16: GENEL TOPLAM : | H16: =SUM(H10:H15) -> 0
